"date","speaking","pitch","energy","nodding"
"2016/02/03 00:00:0.2500",0,0.00000,0.00000,0
"2016/02/03 00:00:0.5000",0,0.00000,0.00000,0
"2016/02/03 00:00:0.7500",0,0.00000,0.00000,0
"2016/02/03 00:00:1.0000",0,0.00000,0.00000,0
"2016/02/03 00:00:1.2500",0,0.00000,0.00000,0
"2016/02/03 00:00:1.5000",0,0.00000,0.00000,0
"2016/02/03 00:00:1.7500",0,0.00000,0.00000,0
"2016/02/03 00:00:2.0000",0,0.00000,0.00000,0
"2016/02/03 00:00:2.2500",0,0.00000,0.00000,1
"2016/02/03 00:00:2.5000",0,0.00000,0.00000,1
"2016/02/03 00:00:2.7500",0,0.00000,0.00000,1
"2016/02/03 00:00:3.0000",0,0.00000,0.00000,0
"2016/02/03 00:00:3.2500",0,0.00000,0.00000,1
"2016/02/03 00:00:3.5000",0,0.00000,0.00000,1
"2016/02/03 00:00:3.7500",0,0.00000,0.00000,1
"2016/02/03 00:00:4.0000",0,0.00000,0.00000,0
"2016/02/03 00:00:4.2500",0,0.00000,0.00000,0
"2016/02/03 00:00:4.5000",0,0.00000,0.00000,0
"2016/02/03 00:00:4.7500",0,0.00000,0.00000,1
"2016/02/03 00:00:5.0000",0,0.00000,0.00000,1
"2016/02/03 00:00:5.2500",0,0.00000,0.00000,0
"2016/02/03 00:00:5.5000",0,0.00000,0.00000,0
"2016/02/03 00:00:5.7500",0,0.00000,0.00000,0
"2016/02/03 00:00:6.0000",0,0.00000,0.00000,0
"2016/02/03 00:00:6.2500",0,0.00000,0.00000,1
"2016/02/03 00:00:6.5000",0,0.00000,0.00000,1
"2016/02/03 00:00:6.7500",0,0.00000,0.00000,1
"2016/02/03 00:00:7.0000",0,0.00000,0.00000,0
"2016/02/03 00:00:7.2500",0,0.00000,0.00000,0
"2016/02/03 00:00:7.5000",0,0.00000,0.00000,0
"2016/02/03 00:00:7.7500",0,0.00000,0.00000,0
"2016/02/03 00:00:8.0000",0,0.00000,0.00000,0
"2016/02/03 00:00:8.2500",0,0.00000,0.00000,0
"2016/02/03 00:00:8.5000",0,0.00000,0.00000,0
"2016/02/03 00:00:8.7500",0,0.00000,0.00000,0
"2016/02/03 00:00:9.0000",0,0.00000,0.00000,0
"2016/02/03 00:00:9.2500",0,0.00000,0.00000,0
"2016/02/03 00:00:9.5000",0,0.00000,0.00000,0
"2016/02/03 00:00:9.7500",0,0.00000,0.00000,0
"2016/02/03 00:00:10.0000",0,0.00000,0.00000,0
"2016/02/03 00:00:10.2500",0,0.00000,0.00000,0
"2016/02/03 00:00:10.5000",0,0.00000,0.00000,0
"2016/02/03 00:00:10.7500",0,0.00000,0.00000,0
"2016/02/03 00:00:11.0000",0,0.00000,0.00000,0
"2016/02/03 00:00:11.2500",0,0.00000,0.00000,0
"2016/02/03 00:00:11.5000",0,0.00000,0.00000,1
"2016/02/03 00:00:11.7500",0,0.00000,0.00000,1
"2016/02/03 00:00:12.0000",0,0.00000,0.00000,1
"2016/02/03 00:00:12.2500",0,0.00000,0.00000,0
"2016/02/03 00:00:12.5000",0,0.00000,0.00000,0
"2016/02/03 00:00:12.7500",0,0.00000,0.00000,0
"2016/02/03 00:00:13.0000",0,0.00000,0.00000,0
"2016/02/03 00:00:13.2500",0,0.00000,0.00000,0
"2016/02/03 00:00:13.5000",0,0.00000,0.00000,0
"2016/02/03 00:00:13.7500",0,0.00000,0.00000,0
"2016/02/03 00:00:14.0000",0,0.00000,0.00000,1
"2016/02/03 00:00:14.2500",0,0.00000,0.00000,1
"2016/02/03 00:00:14.5000",0,0.00000,0.00000,1
"2016/02/03 00:00:14.7500",0,0.00000,0.00000,1
"2016/02/03 00:00:15.0000",0,0.00000,0.00000,1
"2016/02/03 00:00:15.2500",0,0.00000,0.00000,1
"2016/02/03 00:00:15.5000",0,0.00000,0.00000,1
"2016/02/03 00:00:15.7500",0,0.00000,0.00000,1
"2016/02/03 00:00:16.0000",0,0.00000,0.00000,1
"2016/02/03 00:00:16.2500",0,0.00000,0.00000,1
"2016/02/03 00:00:16.5000",0,0.00000,0.00000,1
"2016/02/03 00:00:16.7500",0,0.00000,0.00000,1
"2016/02/03 00:00:17.0000",0,0.00000,0.00000,1
"2016/02/03 00:00:17.2500",0,0.00000,0.00000,1
"2016/02/03 00:00:17.5000",0,0.00000,0.00000,1
"2016/02/03 00:00:17.7500",0,0.00000,0.00000,1
"2016/02/03 00:00:18.0000",0,0.00000,0.00000,1
"2016/02/03 00:00:18.2500",0,0.00000,0.00000,1
"2016/02/03 00:00:18.5000",0,0.00000,0.00000,1
"2016/02/03 00:00:18.7500",0,0.00000,0.00000,0
"2016/02/03 00:00:19.0000",0,0.00000,0.00000,0
"2016/02/03 00:00:19.2500",0,0.00000,0.00000,0
"2016/02/03 00:00:19.5000",0,0.00000,0.00000,0
"2016/02/03 00:00:19.7500",0,0.00000,0.00000,0
"2016/02/03 00:00:20.0000",0,0.00000,0.00000,0
"2016/02/03 00:00:20.2500",0,0.00000,0.00000,0
"2016/02/03 00:00:20.5000",0,0.00000,0.00000,0
"2016/02/03 00:00:20.7500",0,0.00000,0.00000,0
"2016/02/03 00:00:21.0000",0,0.00000,0.00000,0
"2016/02/03 00:00:21.2500",0,0.00000,0.00000,0
"2016/02/03 00:00:21.5000",0,0.00000,0.00000,0
"2016/02/03 00:00:21.7500",0,0.00000,0.00000,0
"2016/02/03 00:00:22.0000",0,0.00000,0.00000,0
"2016/02/03 00:00:22.2500",0,0.00000,0.00000,0
"2016/02/03 00:00:22.5000",0,0.00000,0.00000,0
"2016/02/03 00:00:22.7500",1,268.75381,0.00468,0
"2016/02/03 00:00:23.0000",1,277.56714,0.00272,0
"2016/02/03 00:00:23.2500",1,269.58238,0.00245,0
"2016/02/03 00:00:23.5000",1,226.81286,0.00126,0
"2016/02/03 00:00:23.7500",1,236.07381,0.00283,0
"2016/02/03 00:00:24.0000",1,229.23048,0.00194,0
"2016/02/03 00:00:24.2500",1,270.40857,0.00283,0
"2016/02/03 00:00:24.5000",1,304.75190,0.00287,0
"2016/02/03 00:00:24.7500",1,229.35667,0.00161,0
"2016/02/03 00:00:25.0000",1,229.38000,0.00205,0
"2016/02/03 00:00:25.2500",1,218.79857,0.00190,0
"2016/02/03 00:00:25.5000",1,268.38619,0.00282,0
"2016/02/03 00:00:25.7500",1,249.21514,0.00009,0
"2016/02/03 00:00:26.0000",1,187.54838,0.00000,0
"2016/02/03 00:00:26.2500",1,206.05895,0.00131,0
"2016/02/03 00:00:26.5000",1,213.77190,0.00519,0
"2016/02/03 00:00:26.7500",1,220.07000,0.00322,0
"2016/02/03 00:00:27.0000",1,236.80714,0.00716,0
"2016/02/03 00:00:27.2500",1,225.15095,0.00852,0
"2016/02/03 00:00:27.5000",1,220.23143,0.00145,0
"2016/02/03 00:00:27.7500",1,221.69095,0.00260,0
"2016/02/03 00:00:28.0000",1,216.53762,0.00214,0
"2016/02/03 00:00:28.2500",1,207.31286,0.00164,0
"2016/02/03 00:00:28.5000",1,223.11095,0.00123,0
"2016/02/03 00:00:28.7500",1,235.92048,0.00498,0
"2016/02/03 00:00:29.0000",1,260.55333,0.00220,0
"2016/02/03 00:00:29.2500",1,195.20048,0.00000,0
"2016/02/03 00:00:29.5000",1,207.52781,0.00000,0
"2016/02/03 00:00:29.7500",1,200.68714,0.00141,0
"2016/02/03 00:00:30.0000",1,216.32238,0.00137,0
"2016/02/03 00:00:30.2500",1,225.33048,0.00269,0
"2016/02/03 00:00:30.5000",1,218.58571,0.00274,0
"2016/02/03 00:00:30.7500",1,234.34143,0.00111,0
"2016/02/03 00:00:31.0000",1,242.59857,0.00289,0
"2016/02/03 00:00:31.2500",1,223.30667,0.00240,0
"2016/02/03 00:00:31.5000",1,223.51857,0.00303,0
"2016/02/03 00:00:31.7500",1,241.10190,0.00160,0
"2016/02/03 00:00:32.0000",1,182.07638,0.00000,0
"2016/02/03 00:00:32.2500",1,197.50852,0.00000,0
"2016/02/03 00:00:32.5000",1,171.26519,0.00000,0
"2016/02/03 00:00:32.7500",1,162.15000,0.00000,0
"2016/02/03 00:00:33.0000",1,174.66190,0.00023,0
"2016/02/03 00:00:33.2500",1,202.01381,0.00204,0
"2016/02/03 00:00:33.5000",1,213.33267,0.00297,0
"2016/02/03 00:00:33.7500",1,229.62952,0.00458,0
"2016/02/03 00:00:34.0000",1,232.13381,0.00984,0
"2016/02/03 00:00:34.2500",1,231.26095,0.00207,0
"2016/02/03 00:00:34.5000",1,220.86190,0.00095,0
"2016/02/03 00:00:34.7500",1,222.85010,0.00426,0
"2016/02/03 00:00:35.0000",1,242.96667,0.00432,0
"2016/02/03 00:00:35.2500",1,211.26143,0.00178,0
"2016/02/03 00:00:35.5000",1,249.04571,0.00218,0
"2016/02/03 00:00:35.7500",1,186.66133,0.00001,0
"2016/02/03 00:00:36.0000",1,165.86981,0.00000,1
"2016/02/03 00:00:36.2500",1,157.90371,0.00000,1
"2016/02/03 00:00:36.5000",1,179.46048,0.00078,0
"2016/02/03 00:00:36.7500",1,203.19714,0.00256,0
"2016/02/03 00:00:37.0000",1,190.72619,0.00289,0
"2016/02/03 00:00:37.2500",1,215.21667,0.00239,0
"2016/02/03 00:00:37.5000",1,209.51952,0.00389,0
"2016/02/03 00:00:37.7500",1,203.79190,0.00426,0
"2016/02/03 00:00:38.0000",1,192.37286,0.00406,0
"2016/02/03 00:00:38.2500",1,201.41762,0.00048,0
"2016/02/03 00:00:38.5000",1,214.41333,0.00352,0
"2016/02/03 00:00:38.7500",1,198.56143,0.00339,0
"2016/02/03 00:00:39.0000",1,206.00381,0.00341,0
"2016/02/03 00:00:39.2500",1,234.07952,0.00732,0
"2016/02/03 00:00:39.5000",1,278.01995,0.00309,0
"2016/02/03 00:00:39.7500",1,213.41424,0.00269,0
"2016/02/03 00:00:40.0000",1,227.96190,0.00257,0
"2016/02/03 00:00:40.2500",1,230.88595,0.00054,0
"2016/02/03 00:00:40.5000",1,171.30619,0.00000,0
"2016/02/03 00:00:40.7500",1,171.37771,0.00000,0
"2016/02/03 00:00:41.0000",1,227.23114,0.00031,0
"2016/02/03 00:00:41.2500",1,214.92190,0.00286,0
"2016/02/03 00:00:41.5000",1,228.61381,0.00364,0
"2016/02/03 00:00:41.7500",1,204.62857,0.00139,0
"2016/02/03 00:00:42.0000",1,180.42529,0.00008,0
"2016/02/03 00:00:42.2500",1,180.18338,0.00000,0
"2016/02/03 00:00:42.5000",1,155.54148,0.00000,0
"2016/02/03 00:00:42.7500",1,173.33548,0.00000,0
"2016/02/03 00:00:43.0000",0,0.00000,0.00000,0
"2016/02/03 00:00:43.2500",0,0.00000,0.00000,0
"2016/02/03 00:00:43.5000",0,0.00000,0.00000,0
"2016/02/03 00:00:43.7500",0,0.00000,0.00000,1
"2016/02/03 00:00:44.0000",0,0.00000,0.00000,1
"2016/02/03 00:00:44.2500",0,0.00000,0.00000,1
"2016/02/03 00:00:44.5000",0,0.00000,0.00000,0
"2016/02/03 00:00:44.7500",0,0.00000,0.00000,0
"2016/02/03 00:00:45.0000",0,0.00000,0.00000,0
"2016/02/03 00:00:45.2500",0,0.00000,0.00000,0
"2016/02/03 00:00:45.5000",0,0.00000,0.00000,0
"2016/02/03 00:00:45.7500",0,0.00000,0.00000,0
"2016/02/03 00:00:46.0000",0,0.00000,0.00000,0
"2016/02/03 00:00:46.2500",0,0.00000,0.00000,0
"2016/02/03 00:00:46.5000",0,0.00000,0.00000,0
"2016/02/03 00:00:46.7500",0,0.00000,0.00000,0
"2016/02/03 00:00:47.0000",0,0.00000,0.00000,0
"2016/02/03 00:00:47.2500",0,0.00000,0.00000,0
"2016/02/03 00:00:47.5000",0,0.00000,0.00000,0
"2016/02/03 00:00:47.7500",0,0.00000,0.00000,0
"2016/02/03 00:00:48.0000",0,0.00000,0.00000,0
"2016/02/03 00:00:48.2500",0,0.00000,0.00000,0
"2016/02/03 00:00:48.5000",0,0.00000,0.00000,0
"2016/02/03 00:00:48.7500",1,180.38905,0.00000,0
"2016/02/03 00:00:49.0000",1,244.84905,0.00558,0
"2016/02/03 00:00:49.2500",1,251.67048,0.00533,0
"2016/02/03 00:00:49.5000",1,229.37667,0.00591,1
"2016/02/03 00:00:49.7500",1,215.01333,0.00641,1
"2016/02/03 00:00:50.0000",1,178.78838,0.00271,0
"2016/02/03 00:00:50.2500",1,208.27905,0.00203,0
"2016/02/03 00:00:50.5000",1,228.36571,0.00652,0
"2016/02/03 00:00:50.7500",1,209.98810,0.00474,0
"2016/02/03 00:00:51.0000",1,205.71095,0.00175,0
"2016/02/03 00:00:51.2500",1,205.78619,0.00561,0
"2016/02/03 00:00:51.5000",1,207.13714,0.00297,0
"2016/02/03 00:00:51.7500",1,217.25048,0.00001,0
"2016/02/03 00:00:52.0000",1,238.30724,0.00011,0
"2016/02/03 00:00:52.2500",1,242.35429,0.00394,0
"2016/02/03 00:00:52.5000",1,230.49429,0.00166,0
"2016/02/03 00:00:52.7500",1,235.69881,0.00353,0
"2016/02/03 00:00:53.0000",1,239.20786,0.00722,0
"2016/02/03 00:00:53.2500",1,221.63333,0.01244,0
"2016/02/03 00:00:53.5000",1,221.89952,0.00215,0
"2016/02/03 00:00:53.7500",1,207.01286,0.00419,0
"2016/02/03 00:00:54.0000",1,193.89190,0.00291,0
"2016/02/03 00:00:54.2500",1,186.15095,0.00087,0
"2016/02/03 00:00:54.5000",1,201.28571,0.00202,0
"2016/02/03 00:00:54.7500",1,187.37524,0.00167,0
"2016/02/03 00:00:55.0000",1,193.50190,0.00249,0
"2016/02/03 00:00:55.2500",1,180.74643,0.00102,0
"2016/02/03 00:00:55.5000",1,167.49824,0.00201,0
"2016/02/03 00:00:55.7500",1,205.70095,0.00042,0
"2016/02/03 00:00:56.0000",1,220.26143,0.00196,0
"2016/02/03 00:00:56.2500",1,202.40810,0.00122,0
"2016/02/03 00:00:56.5000",1,196.39714,0.00103,0
"2016/02/03 00:00:56.7500",1,194.87238,0.00001,0
"2016/02/03 00:00:57.0000",1,191.95262,0.00004,0
"2016/02/03 00:00:57.2500",1,215.35548,0.02166,0
"2016/02/03 00:00:57.5000",1,216.19381,0.00658,0
"2016/02/03 00:00:57.7500",1,208.02476,0.00142,0
"2016/02/03 00:00:58.0000",1,237.08048,0.00000,0
"2016/02/03 00:00:58.2500",1,210.86729,0.00000,0
"2016/02/03 00:00:58.5000",1,198.22186,0.00160,0
"2016/02/03 00:00:58.7500",1,199.06476,0.00572,0
"2016/02/03 00:00:59.0000",1,205.00514,0.00250,0
"2016/02/03 00:00:59.2500",1,196.88324,0.00485,0
"2016/02/03 00:00:59.5000",1,188.58695,0.00485,0
"2016/02/03 00:00:59.7500",1,231.35743,0.00351,0
"2016/02/03 00:01:0.0000",1,218.06743,0.00000,0
"2016/02/03 00:01:0.2500",1,185.41929,0.00000,0
"2016/02/03 00:01:0.5000",1,188.44362,0.00006,0
"2016/02/03 00:01:0.7500",1,200.67952,0.00306,0
"2016/02/03 00:01:1.0000",1,196.31524,0.00155,0
"2016/02/03 00:01:1.2500",1,220.48429,0.00141,0
"2016/02/03 00:01:1.5000",1,219.18581,0.00288,0
"2016/02/03 00:01:1.7500",1,192.80771,0.01106,0
"2016/02/03 00:01:2.0000",1,189.20476,0.00672,0
"2016/02/03 00:01:2.2500",1,182.79538,0.00554,0
"2016/02/03 00:01:2.5000",1,228.32105,0.00295,0
"2016/02/03 00:01:2.7500",1,214.03714,0.00595,1
"2016/02/03 00:01:3.0000",1,230.80300,0.00144,1
"2016/02/03 00:01:3.2500",1,216.23714,0.00215,0
"2016/02/03 00:01:3.5000",1,218.22476,0.00710,0
"2016/02/03 00:01:3.7500",1,219.70667,0.00150,1
"2016/02/03 00:01:4.0000",1,211.34452,0.00002,1
"2016/02/03 00:01:4.2500",1,232.02381,0.00948,1
"2016/02/03 00:01:4.5000",1,251.46143,0.00891,1
"2016/02/03 00:01:4.7500",1,246.08238,0.00033,0
"2016/02/03 00:01:5.0000",1,245.36714,0.00001,0
"2016/02/03 00:01:5.2500",1,218.07667,0.00656,0
"2016/02/03 00:01:5.5000",1,150.72714,0.00350,0
"2016/02/03 00:01:5.7500",1,157.40181,0.00013,0
"2016/02/03 00:01:6.0000",1,156.79562,0.00000,0
"2016/02/03 00:01:6.2500",1,183.57190,0.00000,0
"2016/02/03 00:01:6.5000",1,138.18148,0.00000,0
"2016/02/03 00:01:6.7500",1,158.24848,0.00001,0
"2016/02/03 00:01:7.0000",1,191.20814,0.00005,0
"2016/02/03 00:01:7.2500",1,232.46381,0.00814,0
"2016/02/03 00:01:7.5000",1,222.28571,0.00321,0
"2016/02/03 00:01:7.7500",1,237.19905,0.00119,0
"2016/02/03 00:01:8.0000",1,239.12857,0.00112,0
"2016/02/03 00:01:8.2500",1,213.23905,0.00600,0
"2016/02/03 00:01:8.5000",1,209.75962,0.00476,0
"2016/02/03 00:01:8.7500",1,183.74105,0.00451,0
"2016/02/03 00:01:9.0000",1,235.94667,0.00317,0
"2016/02/03 00:01:9.2500",1,210.57000,0.00792,0
"2016/02/03 00:01:9.5000",1,216.03238,0.00776,0
"2016/02/03 00:01:9.7500",1,229.72857,0.00284,0
"2016/02/03 00:01:10.0000",1,229.16095,0.00265,1
"2016/02/03 00:01:10.2500",1,213.63762,0.00458,1
"2016/02/03 00:01:10.5000",1,211.36286,0.00441,1
"2016/02/03 00:01:10.7500",1,210.87471,0.00224,1
"2016/02/03 00:01:11.0000",1,218.09524,0.00233,1
"2016/02/03 00:01:11.2500",1,213.81524,0.00263,0
"2016/02/03 00:01:11.5000",1,242.23524,0.00334,0
"2016/02/03 00:01:11.7500",1,198.98324,0.00000,0
"2016/02/03 00:01:12.0000",1,211.60000,0.00000,0
"2016/02/03 00:01:12.2500",1,179.77867,0.00000,0
"2016/02/03 00:01:12.5000",1,158.08581,0.00104,0
"2016/02/03 00:01:12.7500",1,194.45881,0.00109,0
"2016/02/03 00:01:13.0000",1,219.05052,0.00045,0
"2016/02/03 00:01:13.2500",1,197.11667,0.00543,0
"2016/02/03 00:01:13.5000",1,181.52600,0.00244,0
"2016/02/03 00:01:13.7500",1,201.21790,0.00945,0
"2016/02/03 00:01:14.0000",1,223.13476,0.00810,0
"2016/02/03 00:01:14.2500",1,208.46952,0.00768,0
"2016/02/03 00:01:14.5000",1,212.34667,0.01099,0
"2016/02/03 00:01:14.7500",1,207.12714,0.01214,0
"2016/02/03 00:01:15.0000",1,205.76048,0.00956,0
"2016/02/03 00:01:15.2500",1,196.34571,0.00958,0
"2016/02/03 00:01:15.5000",1,175.28619,0.00679,0
"2016/02/03 00:01:15.7500",1,194.01571,0.00385,1
"2016/02/03 00:01:16.0000",1,197.23381,0.00299,1
"2016/02/03 00:01:16.2500",1,193.74762,0.00160,1
"2016/02/03 00:01:16.5000",1,185.07962,0.00015,1
"2016/02/03 00:01:16.7500",1,141.72176,0.00000,1
"2016/02/03 00:01:17.0000",1,146.51614,0.00000,0
"2016/02/03 00:01:17.2500",1,176.18429,0.00176,0
"2016/02/03 00:01:17.5000",1,200.48286,0.00213,1
"2016/02/03 00:01:17.7500",1,216.15952,0.00420,0
"2016/02/03 00:01:18.0000",1,183.45762,0.00281,0
"2016/02/03 00:01:18.2500",1,199.81762,0.00371,0
"2016/02/03 00:01:18.5000",1,198.31952,0.00507,0
"2016/02/03 00:01:18.7500",1,186.41333,0.00314,0
"2016/02/03 00:01:19.0000",1,189.77619,0.00222,1
"2016/02/03 00:01:19.2500",1,196.09524,0.00338,1
"2016/02/03 00:01:19.5000",1,198.89667,0.00295,1
"2016/02/03 00:01:19.7500",1,214.94081,0.00005,1
"2016/02/03 00:01:20.0000",1,230.11910,0.00000,0
"2016/02/03 00:01:20.2500",1,170.52671,0.00000,0
"2016/02/03 00:01:20.5000",0,0.00000,0.00000,0
"2016/02/03 00:01:20.7500",0,0.00000,0.00000,0
"2016/02/03 00:01:21.0000",0,0.00000,0.00000,0
"2016/02/03 00:01:21.2500",0,0.00000,0.00000,0
"2016/02/03 00:01:21.5000",0,0.00000,0.00000,0
"2016/02/03 00:01:21.7500",0,0.00000,0.00000,0
"2016/02/03 00:01:22.0000",0,0.00000,0.00000,0
"2016/02/03 00:01:22.2500",0,0.00000,0.00000,0
"2016/02/03 00:01:22.5000",0,0.00000,0.00000,0
"2016/02/03 00:01:22.7500",0,0.00000,0.00000,0
"2016/02/03 00:01:23.0000",0,0.00000,0.00000,0
"2016/02/03 00:01:23.2500",0,0.00000,0.00000,0
"2016/02/03 00:01:23.5000",0,0.00000,0.00000,0
"2016/02/03 00:01:23.7500",0,0.00000,0.00000,0
"2016/02/03 00:01:24.0000",0,0.00000,0.00000,0
"2016/02/03 00:01:24.2500",0,0.00000,0.00000,1
"2016/02/03 00:01:24.5000",0,0.00000,0.00000,1
"2016/02/03 00:01:24.7500",0,0.00000,0.00000,1
"2016/02/03 00:01:25.0000",0,0.00000,0.00000,0
"2016/02/03 00:01:25.2500",0,0.00000,0.00000,0
"2016/02/03 00:01:25.5000",0,0.00000,0.00000,1
"2016/02/03 00:01:25.7500",0,0.00000,0.00000,1
"2016/02/03 00:01:26.0000",0,0.00000,0.00000,0
"2016/02/03 00:01:26.2500",0,0.00000,0.00000,0
"2016/02/03 00:01:26.5000",0,0.00000,0.00000,0
"2016/02/03 00:01:26.7500",0,0.00000,0.00000,0
"2016/02/03 00:01:27.0000",0,0.00000,0.00000,0
"2016/02/03 00:01:27.2500",0,0.00000,0.00000,0
"2016/02/03 00:01:27.5000",0,0.00000,0.00000,1
"2016/02/03 00:01:27.7500",0,0.00000,0.00000,1
"2016/02/03 00:01:28.0000",0,0.00000,0.00000,1
"2016/02/03 00:01:28.2500",0,0.00000,0.00000,1
"2016/02/03 00:01:28.5000",0,0.00000,0.00000,0
"2016/02/03 00:01:28.7500",0,0.00000,0.00000,0
"2016/02/03 00:01:29.0000",0,0.00000,0.00000,0
"2016/02/03 00:01:29.2500",0,0.00000,0.00000,0
"2016/02/03 00:01:29.5000",0,0.00000,0.00000,0
"2016/02/03 00:01:29.7500",0,0.00000,0.00000,0
"2016/02/03 00:01:30.0000",0,0.00000,0.00000,0
"2016/02/03 00:01:30.2500",0,0.00000,0.00000,1
"2016/02/03 00:01:30.5000",0,0.00000,0.00000,1
"2016/02/03 00:01:30.7500",0,0.00000,0.00000,1
"2016/02/03 00:01:31.0000",0,0.00000,0.00000,0
"2016/02/03 00:01:31.2500",0,0.00000,0.00000,0
"2016/02/03 00:01:31.5000",0,0.00000,0.00000,1
"2016/02/03 00:01:31.7500",0,0.00000,0.00000,1
"2016/02/03 00:01:32.0000",0,0.00000,0.00000,1
"2016/02/03 00:01:32.2500",0,0.00000,0.00000,1
"2016/02/03 00:01:32.5000",0,0.00000,0.00000,1
"2016/02/03 00:01:32.7500",0,0.00000,0.00000,1
"2016/02/03 00:01:33.0000",0,0.00000,0.00000,1
"2016/02/03 00:01:33.2500",0,0.00000,0.00000,1
"2016/02/03 00:01:33.5000",0,0.00000,0.00000,0
"2016/02/03 00:01:33.7500",0,0.00000,0.00000,0
"2016/02/03 00:01:34.0000",0,0.00000,0.00000,0
"2016/02/03 00:01:34.2500",0,0.00000,0.00000,0
"2016/02/03 00:01:34.5000",0,0.00000,0.00000,0
"2016/02/03 00:01:34.7500",0,0.00000,0.00000,0
"2016/02/03 00:01:35.0000",0,0.00000,0.00000,0
"2016/02/03 00:01:35.2500",0,0.00000,0.00000,0
"2016/02/03 00:01:35.5000",0,0.00000,0.00000,0
"2016/02/03 00:01:35.7500",0,0.00000,0.00000,0
"2016/02/03 00:01:36.0000",0,0.00000,0.00000,0
"2016/02/03 00:01:36.2500",0,0.00000,0.00000,0
"2016/02/03 00:01:36.5000",0,0.00000,0.00000,1
"2016/02/03 00:01:36.7500",0,0.00000,0.00000,1
"2016/02/03 00:01:37.0000",0,0.00000,0.00000,1
"2016/02/03 00:01:37.2500",0,0.00000,0.00000,1
"2016/02/03 00:01:37.5000",0,0.00000,0.00000,1
"2016/02/03 00:01:37.7500",0,0.00000,0.00000,0
"2016/02/03 00:01:38.0000",0,0.00000,0.00000,0
"2016/02/03 00:01:38.2500",0,0.00000,0.00000,0
"2016/02/03 00:01:38.5000",0,0.00000,0.00000,0
"2016/02/03 00:01:38.7500",0,0.00000,0.00000,0
"2016/02/03 00:01:39.0000",0,0.00000,0.00000,0
"2016/02/03 00:01:39.2500",0,0.00000,0.00000,0
"2016/02/03 00:01:39.5000",0,0.00000,0.00000,0
"2016/02/03 00:01:39.7500",0,0.00000,0.00000,0
"2016/02/03 00:01:40.0000",0,0.00000,0.00000,0
"2016/02/03 00:01:40.2500",0,0.00000,0.00000,0
"2016/02/03 00:01:40.5000",0,0.00000,0.00000,0
"2016/02/03 00:01:40.7500",0,0.00000,0.00000,0
"2016/02/03 00:01:41.0000",0,0.00000,0.00000,0
"2016/02/03 00:01:41.2500",0,0.00000,0.00000,0
"2016/02/03 00:01:41.5000",0,0.00000,0.00000,0
"2016/02/03 00:01:41.7500",0,0.00000,0.00000,0
"2016/02/03 00:01:42.0000",0,0.00000,0.00000,1
"2016/02/03 00:01:42.2500",0,0.00000,0.00000,1
"2016/02/03 00:01:42.5000",0,0.00000,0.00000,0
"2016/02/03 00:01:42.7500",0,0.00000,0.00000,1
"2016/02/03 00:01:43.0000",0,0.00000,0.00000,1
"2016/02/03 00:01:43.2500",0,0.00000,0.00000,1
"2016/02/03 00:01:43.5000",0,0.00000,0.00000,1
"2016/02/03 00:01:43.7500",1,185.28452,0.00089,0
"2016/02/03 00:01:44.0000",1,240.81143,0.00321,0
"2016/02/03 00:01:44.2500",1,259.59143,0.00204,0
"2016/02/03 00:01:44.5000",1,243.40238,0.01409,0
"2016/02/03 00:01:44.7500",1,212.19095,0.00882,0
"2016/02/03 00:01:45.0000",1,227.40429,0.00209,0
"2016/02/03 00:01:45.2500",1,233.47905,0.00699,0
"2016/02/03 00:01:45.5000",1,221.39905,0.00123,0
"2016/02/03 00:01:45.7500",1,207.04286,0.00228,0
"2016/02/03 00:01:46.0000",1,237.70714,0.01133,0
"2016/02/03 00:01:46.2500",1,237.36619,0.00727,0
"2016/02/03 00:01:46.5000",1,217.70905,0.00136,0
"2016/02/03 00:01:46.7500",1,238.10857,0.00363,0
"2016/02/03 00:01:47.0000",1,287.76333,0.00218,0
"2016/02/03 00:01:47.2500",1,253.12500,0.00001,0
"2016/02/03 00:01:47.5000",1,233.59167,0.00180,0
"2016/02/03 00:01:47.7500",1,198.07048,0.00468,0
"2016/02/03 00:01:48.0000",1,187.48562,0.00451,0
"2016/02/03 00:01:48.2500",1,196.38610,0.00647,0
"2016/02/03 00:01:48.5000",1,208.43048,0.00460,0
"2016/02/03 00:01:48.7500",1,208.92714,0.00370,0
"2016/02/03 00:01:49.0000",1,224.40333,0.00221,0
"2016/02/03 00:01:49.2500",1,202.87143,0.00597,0
"2016/02/03 00:01:49.5000",1,175.42481,0.00215,0
"2016/02/03 00:01:49.7500",1,196.77957,0.00047,0
"2016/02/03 00:01:50.0000",1,193.51329,0.00029,0
"2016/02/03 00:01:50.2500",1,253.06329,0.00154,0
"2016/02/03 00:01:50.5000",1,249.32190,0.00150,0
"2016/02/03 00:01:50.7500",1,174.19367,0.00020,0
"2016/02/03 00:01:51.0000",1,190.46514,0.00226,1
"2016/02/03 00:01:51.2500",1,248.55095,0.00547,1
"2016/02/03 00:01:51.5000",1,232.84857,0.00788,0
"2016/02/03 00:01:51.7500",1,200.55714,0.00323,0
"2016/02/03 00:01:52.0000",1,193.48619,0.00489,0
"2016/02/03 00:01:52.2500",1,200.00952,0.00204,0
"2016/02/03 00:01:52.5000",1,207.82524,0.00215,0
"2016/02/03 00:01:52.7500",1,207.03524,0.00450,0
"2016/02/03 00:01:53.0000",1,230.99667,0.00629,0
"2016/02/03 00:01:53.2500",1,243.25571,0.00003,0
"2016/02/03 00:01:53.5000",1,207.40252,0.00001,0
"2016/02/03 00:01:53.7500",1,231.15429,0.00064,0
"2016/02/03 00:01:54.0000",1,205.31381,0.00368,0
"2016/02/03 00:01:54.2500",1,197.36048,0.00447,0
"2016/02/03 00:01:54.5000",1,191.70571,0.00177,0
"2016/02/03 00:01:54.7500",1,211.55333,0.00239,0
"2016/02/03 00:01:55.0000",1,227.85429,0.00616,0
"2016/02/03 00:01:55.2500",1,207.36048,0.00677,0
"2016/02/03 00:01:55.5000",1,215.06190,0.00898,0
"2016/02/03 00:01:55.7500",1,222.90476,0.01673,0
"2016/02/03 00:01:56.0000",1,205.82381,0.00665,0
"2016/02/03 00:01:56.2500",1,206.59333,0.00174,0
"2016/02/03 00:01:56.5000",1,204.53857,0.00327,0
"2016/02/03 00:01:56.7500",1,208.57952,0.00422,0
"2016/02/03 00:01:57.0000",1,198.21190,0.00037,0
"2016/02/03 00:01:57.2500",1,185.88952,0.00147,0
"2016/02/03 00:01:57.5000",1,204.35667,0.00232,0
"2016/02/03 00:01:57.7500",1,226.73333,0.00284,0
"2016/02/03 00:01:58.0000",1,219.02667,0.00282,0
"2016/02/03 00:01:58.2500",1,197.00524,0.00415,0
"2016/02/03 00:01:58.5000",1,213.12429,0.00405,0
"2016/02/03 00:01:58.7500",1,200.29190,0.00207,0
"2016/02/03 00:01:59.0000",1,225.80048,0.00263,0
"2016/02/03 00:01:59.2500",1,253.48957,0.00002,0
"2016/02/03 00:01:59.5000",1,198.47757,0.00010,0
"2016/02/03 00:01:59.7500",1,203.50086,0.00261,0
"2016/02/03 00:02:0.0000",1,188.02000,0.00323,0
"2016/02/03 00:02:0.2500",1,196.10619,0.00710,0
"2016/02/03 00:02:0.5000",1,217.27476,0.00950,0
"2016/02/03 00:02:0.7500",1,237.79857,0.00450,0
"2016/02/03 00:02:1.0000",1,231.68952,0.00069,0
"2016/02/03 00:02:1.2500",1,194.18333,0.00114,0
"2016/02/03 00:02:1.5000",1,216.91333,0.00239,0
"2016/02/03 00:02:1.7500",1,212.83290,0.00151,0
"2016/02/03 00:02:2.0000",1,251.43238,0.00269,1
"2016/02/03 00:02:2.2500",1,212.34381,0.00615,1
"2016/02/03 00:02:2.5000",1,204.77333,0.00360,0
"2016/02/03 00:02:2.7500",1,208.90714,0.00297,0
"2016/02/03 00:02:3.0000",1,211.97238,0.00115,0
"2016/02/03 00:02:3.2500",1,212.48190,0.00379,0
"2016/02/03 00:02:3.5000",1,227.11000,0.00289,0
"2016/02/03 00:02:3.7500",1,275.84857,0.00001,1
"2016/02/03 00:02:4.0000",1,190.97195,0.00054,0
"2016/02/03 00:02:4.2500",1,184.20857,0.00200,0
"2016/02/03 00:02:4.5000",1,187.42476,0.00064,1
"2016/02/03 00:02:4.7500",1,215.37495,0.00266,1
"2016/02/03 00:02:5.0000",1,222.19619,0.01186,0
"2016/02/03 00:02:5.2500",1,214.29667,0.00403,0
"2016/02/03 00:02:5.5000",1,267.99524,0.00333,0
"2016/02/03 00:02:5.7500",1,232.74333,0.00002,0
"2016/02/03 00:02:6.0000",1,170.63738,0.00000,0
"2016/02/03 00:02:6.2500",1,207.78810,0.00112,0
"2016/02/03 00:02:6.5000",1,188.01429,0.00076,0
"2016/02/03 00:02:6.7500",1,196.57286,0.00247,0
"2016/02/03 00:02:7.0000",1,207.18476,0.00204,0
"2016/02/03 00:02:7.2500",1,204.73190,0.00282,0
"2016/02/03 00:02:7.5000",1,221.98810,0.00315,1
"2016/02/03 00:02:7.7500",1,218.10286,0.00039,0
"2016/02/03 00:02:8.0000",1,200.56976,0.00000,0
"2016/02/03 00:02:8.2500",1,202.67124,0.00315,0
"2016/02/03 00:02:8.5000",1,210.84762,0.00170,0
"2016/02/03 00:02:8.7500",1,243.04952,0.01231,0
"2016/02/03 00:02:9.0000",1,228.42048,0.01334,0
"2016/02/03 00:02:9.2500",1,205.01762,0.00810,0
"2016/02/03 00:02:9.5000",1,193.13190,0.00336,1
"2016/02/03 00:02:9.7500",1,206.88857,0.00093,1
"2016/02/03 00:02:10.0000",1,210.87714,0.00061,0
"2016/02/03 00:02:10.2500",1,212.01224,0.00041,0
"2016/02/03 00:02:10.5000",1,189.63743,0.00001,0
"2016/02/03 00:02:10.7500",1,170.28048,0.00000,1
"2016/02/03 00:02:11.0000",1,158.66357,0.00003,1
"2016/02/03 00:02:11.2500",1,177.25038,0.00026,1
"2016/02/03 00:02:11.5000",0,0.00000,0.00000,1
"2016/02/03 00:02:11.7500",0,0.00000,0.00000,1
"2016/02/03 00:02:12.0000",0,0.00000,0.00000,1
"2016/02/03 00:02:12.2500",0,0.00000,0.00000,0
"2016/02/03 00:02:12.5000",0,0.00000,0.00000,0
"2016/02/03 00:02:12.7500",0,0.00000,0.00000,0
"2016/02/03 00:02:13.0000",0,0.00000,0.00000,0
"2016/02/03 00:02:13.2500",0,0.00000,0.00000,0
"2016/02/03 00:02:13.5000",0,0.00000,0.00000,0
"2016/02/03 00:02:13.7500",0,0.00000,0.00000,1
"2016/02/03 00:02:14.0000",0,0.00000,0.00000,1
"2016/02/03 00:02:14.2500",0,0.00000,0.00000,1
"2016/02/03 00:02:14.5000",0,0.00000,0.00000,1
"2016/02/03 00:02:14.7500",0,0.00000,0.00000,1
"2016/02/03 00:02:15.0000",0,0.00000,0.00000,0
"2016/02/03 00:02:15.2500",0,0.00000,0.00000,0
"2016/02/03 00:02:15.5000",0,0.00000,0.00000,0
"2016/02/03 00:02:15.7500",0,0.00000,0.00000,1
"2016/02/03 00:02:16.0000",0,0.00000,0.00000,1
"2016/02/03 00:02:16.2500",0,0.00000,0.00000,1
"2016/02/03 00:02:16.5000",0,0.00000,0.00000,1
"2016/02/03 00:02:16.7500",0,0.00000,0.00000,1
"2016/02/03 00:02:17.0000",0,0.00000,0.00000,0
"2016/02/03 00:02:17.2500",0,0.00000,0.00000,0
"2016/02/03 00:02:17.5000",0,0.00000,0.00000,0
"2016/02/03 00:02:17.7500",0,0.00000,0.00000,0
"2016/02/03 00:02:18.0000",0,0.00000,0.00000,0
"2016/02/03 00:02:18.2500",0,0.00000,0.00000,0
"2016/02/03 00:02:18.5000",0,0.00000,0.00000,0
"2016/02/03 00:02:18.7500",0,0.00000,0.00000,0
"2016/02/03 00:02:19.0000",0,0.00000,0.00000,0
"2016/02/03 00:02:19.2500",0,0.00000,0.00000,0
"2016/02/03 00:02:19.5000",0,0.00000,0.00000,0
"2016/02/03 00:02:19.7500",0,0.00000,0.00000,0
"2016/02/03 00:02:20.0000",0,0.00000,0.00000,0
"2016/02/03 00:02:20.2500",0,0.00000,0.00000,1
"2016/02/03 00:02:20.5000",0,0.00000,0.00000,1
"2016/02/03 00:02:20.7500",0,0.00000,0.00000,1
"2016/02/03 00:02:21.0000",0,0.00000,0.00000,1
"2016/02/03 00:02:21.2500",0,0.00000,0.00000,1
"2016/02/03 00:02:21.5000",0,0.00000,0.00000,1
"2016/02/03 00:02:21.7500",0,0.00000,0.00000,1
"2016/02/03 00:02:22.0000",0,0.00000,0.00000,1
"2016/02/03 00:02:22.2500",0,0.00000,0.00000,1
"2016/02/03 00:02:22.5000",0,0.00000,0.00000,1
"2016/02/03 00:02:22.7500",0,0.00000,0.00000,1
"2016/02/03 00:02:23.0000",0,0.00000,0.00000,1
"2016/02/03 00:02:23.2500",0,0.00000,0.00000,1
"2016/02/03 00:02:23.5000",0,0.00000,0.00000,1
"2016/02/03 00:02:23.7500",0,0.00000,0.00000,1
"2016/02/03 00:02:24.0000",0,0.00000,0.00000,1
"2016/02/03 00:02:24.2500",0,0.00000,0.00000,1
"2016/02/03 00:02:24.5000",0,0.00000,0.00000,1
"2016/02/03 00:02:24.7500",0,0.00000,0.00000,1
"2016/02/03 00:02:25.0000",0,0.00000,0.00000,1
"2016/02/03 00:02:25.2500",0,0.00000,0.00000,1
"2016/02/03 00:02:25.5000",0,0.00000,0.00000,1
"2016/02/03 00:02:25.7500",0,0.00000,0.00000,1
"2016/02/03 00:02:26.0000",0,0.00000,0.00000,1
"2016/02/03 00:02:26.2500",0,0.00000,0.00000,1
"2016/02/03 00:02:26.5000",0,0.00000,0.00000,0
"2016/02/03 00:02:26.7500",0,0.00000,0.00000,0
"2016/02/03 00:02:27.0000",0,0.00000,0.00000,0
"2016/02/03 00:02:27.2500",0,0.00000,0.00000,0
"2016/02/03 00:02:27.5000",0,0.00000,0.00000,0
"2016/02/03 00:02:27.7500",0,0.00000,0.00000,0
"2016/02/03 00:02:28.0000",0,0.00000,0.00000,0
"2016/02/03 00:02:28.2500",0,0.00000,0.00000,0
"2016/02/03 00:02:28.5000",0,0.00000,0.00000,0
"2016/02/03 00:02:28.7500",0,0.00000,0.00000,0
"2016/02/03 00:02:29.0000",0,0.00000,0.00000,0
"2016/02/03 00:02:29.2500",0,0.00000,0.00000,1
"2016/02/03 00:02:29.5000",0,0.00000,0.00000,1
"2016/02/03 00:02:29.7500",0,0.00000,0.00000,1
"2016/02/03 00:02:30.0000",0,0.00000,0.00000,1
"2016/02/03 00:02:30.2500",0,0.00000,0.00000,1
"2016/02/03 00:02:30.5000",0,0.00000,0.00000,0
"2016/02/03 00:02:30.7500",0,0.00000,0.00000,0
"2016/02/03 00:02:31.0000",0,0.00000,0.00000,1
"2016/02/03 00:02:31.2500",0,0.00000,0.00000,1
"2016/02/03 00:02:31.5000",0,0.00000,0.00000,1
"2016/02/03 00:02:31.7500",0,0.00000,0.00000,1
"2016/02/03 00:02:32.0000",0,0.00000,0.00000,1
"2016/02/03 00:02:32.2500",0,0.00000,0.00000,0
"2016/02/03 00:02:32.5000",0,0.00000,0.00000,0
"2016/02/03 00:02:32.7500",0,0.00000,0.00000,1
"2016/02/03 00:02:33.0000",0,0.00000,0.00000,1
"2016/02/03 00:02:33.2500",0,0.00000,0.00000,1
"2016/02/03 00:02:33.5000",0,0.00000,0.00000,1
"2016/02/03 00:02:33.7500",1,208.76238,0.00191,0
"2016/02/03 00:02:34.0000",1,253.27952,0.00411,0
"2016/02/03 00:02:34.2500",1,247.37571,0.01227,0
"2016/02/03 00:02:34.5000",1,232.35238,0.00532,0
"2016/02/03 00:02:34.7500",1,214.65095,0.00386,0
"2016/02/03 00:02:35.0000",1,222.18429,0.00497,0
"2016/02/03 00:02:35.2500",1,199.49333,0.00254,0
"2016/02/03 00:02:35.5000",1,194.57762,0.00153,0
"2016/02/03 00:02:35.7500",1,212.05048,0.00303,1
"2016/02/03 00:02:36.0000",1,206.65476,0.00426,1
"2016/02/03 00:02:36.2500",1,216.85429,0.00441,0
"2016/02/03 00:02:36.5000",1,245.14190,0.00504,0
"2016/02/03 00:02:36.7500",1,252.16143,0.00135,0
"2016/02/03 00:02:37.0000",1,209.86090,0.00001,0
"2016/02/03 00:02:37.2500",1,212.95190,0.00000,0
"2016/02/03 00:02:37.5000",1,170.40376,0.00044,0
"2016/02/03 00:02:37.7500",1,180.33471,0.00663,0
"2016/02/03 00:02:38.0000",1,193.92619,0.00233,0
"2016/02/03 00:02:38.2500",1,208.36857,0.00377,0
"2016/02/03 00:02:38.5000",1,229.42143,0.00264,0
"2016/02/03 00:02:38.7500",1,220.42238,0.00949,0
"2016/02/03 00:02:39.0000",1,233.44714,0.01381,0
"2016/02/03 00:02:39.2500",1,230.63762,0.01918,0
"2016/02/03 00:02:39.5000",1,225.43667,0.00774,0
"2016/02/03 00:02:39.7500",1,204.58524,0.00171,0
"2016/02/03 00:02:40.0000",1,193.50619,0.00295,0
"2016/02/03 00:02:40.2500",1,203.61286,0.00380,0
"2016/02/03 00:02:40.5000",1,211.58667,0.00545,0
"2016/02/03 00:02:40.7500",1,216.67095,0.00630,0
"2016/02/03 00:02:41.0000",1,219.55333,0.00221,1
"2016/02/03 00:02:41.2500",1,234.76571,0.01299,0
"2016/02/03 00:02:41.5000",1,237.91333,0.00627,0
"2016/02/03 00:02:41.7500",1,187.29476,0.00000,0
"2016/02/03 00:02:42.0000",1,183.41233,0.00180,0
"2016/02/03 00:02:42.2500",1,191.12000,0.00362,0
"2016/02/03 00:02:42.5000",1,202.39905,0.00485,0
"2016/02/03 00:02:42.7500",1,199.69810,0.00582,0
"2016/02/03 00:02:43.0000",1,198.94048,0.00203,0
"2016/02/03 00:02:43.2500",1,203.85857,0.00185,0
"2016/02/03 00:02:43.5000",1,193.30905,0.00152,0
"2016/02/03 00:02:43.7500",1,215.75571,0.00227,0
"2016/02/03 00:02:44.0000",1,239.75905,0.01013,0
"2016/02/03 00:02:44.2500",1,248.41857,0.00649,0
"2016/02/03 00:02:44.5000",1,229.23590,0.00001,0
"2016/02/03 00:02:44.7500",1,223.64257,0.00278,0
"2016/02/03 00:02:45.0000",1,208.18190,0.00496,0
"2016/02/03 00:02:45.2500",1,221.85000,0.00436,0
"2016/02/03 00:02:45.5000",1,213.83190,0.00444,0
"2016/02/03 00:02:45.7500",1,197.82571,0.00723,0
"2016/02/03 00:02:46.0000",1,197.90429,0.00280,0
"2016/02/03 00:02:46.2500",1,207.61571,0.00478,0
"2016/02/03 00:02:46.5000",1,204.58762,0.00545,0
"2016/02/03 00:02:46.7500",1,204.94905,0.00462,0
"2016/02/03 00:02:47.0000",1,206.69429,0.00431,0
"2016/02/03 00:02:47.2500",1,203.54905,0.00246,1
"2016/02/03 00:02:47.5000",1,221.03286,0.00202,1
"2016/02/03 00:02:47.7500",1,239.79343,0.00013,1
"2016/02/03 00:02:48.0000",1,186.84976,0.00000,0
"2016/02/03 00:02:48.2500",1,203.08429,0.00040,0
"2016/02/03 00:02:48.5000",1,196.88238,0.00471,0
"2016/02/03 00:02:48.7500",1,183.01905,0.00457,0
"2016/02/03 00:02:49.0000",1,189.09333,0.00159,0
"2016/02/03 00:02:49.2500",1,207.18476,0.00571,0
"2016/02/03 00:02:49.5000",1,208.44667,0.00169,0
"2016/02/03 00:02:49.7500",1,205.73000,0.00346,0
"2016/02/03 00:02:50.0000",1,211.38000,0.00162,0
"2016/02/03 00:02:50.2500",1,202.76048,0.00536,0
"2016/02/03 00:02:50.5000",1,185.69100,0.00373,1
"2016/02/03 00:02:50.7500",1,191.98333,0.00330,1
"2016/02/03 00:02:51.0000",1,214.46238,0.00393,0
"2016/02/03 00:02:51.2500",1,202.49238,0.00455,0
"2016/02/03 00:02:51.5000",1,204.73333,0.00356,1
"2016/02/03 00:02:51.7500",1,199.15143,0.00447,1
"2016/02/03 00:02:52.0000",1,209.18381,0.00421,1
"2016/02/03 00:02:52.2500",1,217.93333,0.00377,1
"2016/02/03 00:02:52.5000",1,219.73524,0.00057,0
"2016/02/03 00:02:52.7500",1,197.62286,0.00644,0
"2016/02/03 00:02:53.0000",1,185.00671,0.00246,0
"2016/02/03 00:02:53.2500",1,232.05457,0.00003,0
"2016/02/03 00:02:53.5000",1,224.85952,0.00429,1
"2016/02/03 00:02:53.7500",1,225.40762,0.01027,1
"2016/02/03 00:02:54.0000",1,229.32381,0.01545,0
"2016/02/03 00:02:54.2500",1,214.56333,0.00475,0
"2016/02/03 00:02:54.5000",1,219.01143,0.00949,0
"2016/02/03 00:02:54.7500",1,229.86524,0.00657,0
"2016/02/03 00:02:55.0000",1,255.91529,0.00001,0
"2016/02/03 00:02:55.2500",1,196.45771,0.00574,0
"2016/02/03 00:02:55.5000",1,214.59429,0.00693,0
"2016/02/03 00:02:55.7500",1,229.61524,0.00811,0
"2016/02/03 00:02:56.0000",1,242.77905,0.00613,0
"2016/02/03 00:02:56.2500",1,213.91905,0.00879,0
"2016/02/03 00:02:56.5000",1,214.17381,0.01117,0
"2016/02/03 00:02:56.7500",1,236.58619,0.00355,0
"2016/02/03 00:02:57.0000",1,215.25143,0.00239,0
"2016/02/03 00:02:57.2500",1,183.82010,0.00374,0
"2016/02/03 00:02:57.5000",1,189.95819,0.00167,0
"2016/02/03 00:02:57.7500",1,261.32286,0.00372,0
"2016/02/03 00:02:58.0000",1,209.53990,0.00634,0
"2016/02/03 00:02:58.2500",1,220.31190,0.00505,0
"2016/02/03 00:02:58.5000",1,243.30333,0.00680,0
"2016/02/03 00:02:58.7500",1,234.04286,0.00082,0
"2016/02/03 00:02:59.0000",1,206.02667,0.00183,0
"2016/02/03 00:02:59.2500",1,222.08429,0.00282,0
"2016/02/03 00:02:59.5000",1,222.51619,0.00421,0
"2016/02/03 00:02:59.7500",1,222.89619,0.00616,0
"2016/02/03 00:03:0.0000",1,227.57000,0.00284,0
"2016/02/03 00:03:0.2500",1,203.86557,0.00001,0
"2016/02/03 00:03:0.5000",1,207.48890,0.00116,0
"2016/02/03 00:03:0.7500",1,219.61429,0.00417,0
"2016/02/03 00:03:1.0000",1,223.81905,0.00419,0
"2016/02/03 00:03:1.2500",1,214.04810,0.00442,0
"2016/02/03 00:03:1.5000",1,216.92476,0.00557,0
"2016/02/03 00:03:1.7500",1,200.67286,0.00485,0
"2016/02/03 00:03:2.0000",1,202.55619,0.00501,1
"2016/02/03 00:03:2.2500",1,215.88238,0.00512,1
"2016/02/03 00:03:2.5000",1,234.29714,0.00449,1
"2016/02/03 00:03:2.7500",1,239.84476,0.00002,0
"2016/02/03 00:03:3.0000",1,177.09633,0.00006,0
"2016/02/03 00:03:3.2500",1,212.96429,0.00066,0
"2016/02/03 00:03:3.5000",1,235.09852,0.00328,0
"2016/02/03 00:03:3.7500",1,199.63952,0.00886,0
"2016/02/03 00:03:4.0000",1,220.05286,0.00341,0
"2016/02/03 00:03:4.2500",1,236.05048,0.00487,0
"2016/02/03 00:03:4.5000",1,235.00714,0.01286,0
"2016/02/03 00:03:4.7500",1,219.28333,0.00599,0
"2016/02/03 00:03:5.0000",1,264.90190,0.00263,0
"2016/02/03 00:03:5.2500",1,234.29524,0.00217,0
"2016/02/03 00:03:5.5000",1,207.45571,0.00900,0
"2016/02/03 00:03:5.7500",1,226.85429,0.00481,0
"2016/02/03 00:03:6.0000",1,253.30524,0.00677,0
"2016/02/03 00:03:6.2500",1,233.42690,0.00746,0
"2016/02/03 00:03:6.5000",1,215.11976,0.00235,0
"2016/02/03 00:03:6.7500",1,226.94333,0.00205,0
"2016/02/03 00:03:7.0000",1,262.79857,0.01229,0
"2016/02/03 00:03:7.2500",1,266.54862,0.00087,0
"2016/02/03 00:03:7.5000",1,254.43133,0.00057,0
"2016/02/03 00:03:7.7500",1,201.95790,0.00619,0
"2016/02/03 00:03:8.0000",1,201.69619,0.00718,0
"2016/02/03 00:03:8.2500",1,226.00043,0.01805,0
"2016/02/03 00:03:8.5000",1,250.41238,0.02059,0
"2016/02/03 00:03:8.7500",1,228.59905,0.00263,0
"2016/02/03 00:03:9.0000",1,210.03857,0.00515,0
"2016/02/03 00:03:9.2500",1,202.94905,0.00332,1
"2016/02/03 00:03:9.5000",1,191.80571,0.00111,1
"2016/02/03 00:03:9.7500",1,213.59286,0.01517,0
"2016/02/03 00:03:10.0000",1,236.20381,0.01098,0
"2016/02/03 00:03:10.2500",1,208.34571,0.00639,0
"2016/02/03 00:03:10.5000",1,218.18905,0.01898,0
"2016/02/03 00:03:10.7500",1,236.02476,0.02193,0
"2016/02/03 00:03:11.0000",1,222.49571,0.00537,0
"2016/02/03 00:03:11.2500",1,205.18090,0.00371,0
"2016/02/03 00:03:11.5000",1,236.56667,0.00211,0
"2016/02/03 00:03:11.7500",1,252.67457,0.00001,0
"2016/02/03 00:03:12.0000",1,198.24276,0.00002,0
"2016/02/03 00:03:12.2500",1,195.74762,0.00645,0
"2016/02/03 00:03:12.5000",1,198.90571,0.00358,0
"2016/02/03 00:03:12.7500",1,220.38429,0.00390,0
"2016/02/03 00:03:13.0000",1,232.30095,0.00481,0
"2016/02/03 00:03:13.2500",1,229.25281,0.00171,1
"2016/02/03 00:03:13.5000",1,210.60929,0.00419,1
"2016/02/03 00:03:13.7500",1,175.15167,0.00228,1
"2016/02/03 00:03:14.0000",1,185.10548,0.00001,1
"2016/02/03 00:03:14.2500",1,251.97905,0.00314,1
"2016/02/03 00:03:14.5000",1,216.34190,0.00256,1
"2016/02/03 00:03:14.7500",1,229.83571,0.00599,0
"2016/02/03 00:03:15.0000",1,243.19476,0.00293,0
"2016/02/03 00:03:15.2500",1,201.87081,0.00000,0
"2016/02/03 00:03:15.5000",1,180.49557,0.00147,0
"2016/02/03 00:03:15.7500",1,193.76381,0.00930,0
"2016/02/03 00:03:16.0000",1,194.27952,0.00640,0
"2016/02/03 00:03:16.2500",1,209.17476,0.00272,0
"2016/02/03 00:03:16.5000",1,210.21571,0.00211,0
"2016/02/03 00:03:16.7500",1,228.06952,0.00146,0
"2016/02/03 00:03:17.0000",1,235.78714,0.00418,0
"2016/02/03 00:03:17.2500",1,245.01571,0.00108,0
"2016/02/03 00:03:17.5000",1,255.24143,0.00191,0
"2016/02/03 00:03:17.7500",1,192.12143,0.00212,0
"2016/02/03 00:03:18.0000",1,209.37619,0.00408,1
"2016/02/03 00:03:18.2500",1,226.20619,0.00776,1
"2016/02/03 00:03:18.5000",1,211.33000,0.00578,1
"2016/02/03 00:03:18.7500",1,213.41667,0.00236,1
"2016/02/03 00:03:19.0000",1,211.13000,0.00432,1
"2016/02/03 00:03:19.2500",1,272.01381,0.00224,1
"2016/02/03 00:03:19.5000",1,230.72333,0.00061,0
"2016/02/03 00:03:19.7500",1,214.43857,0.00126,0
"2016/02/03 00:03:20.0000",1,202.96524,0.00431,0
"2016/02/03 00:03:20.2500",1,206.80238,0.00431,1
"2016/02/03 00:03:20.5000",1,242.34095,0.00734,0
"2016/02/03 00:03:20.7500",1,216.22429,0.00649,0
"2016/02/03 00:03:21.0000",1,208.22143,0.01037,0
"2016/02/03 00:03:21.2500",1,196.07286,0.00184,0
"2016/02/03 00:03:21.5000",1,196.47048,0.00174,0
"2016/02/03 00:03:21.7500",1,238.70071,0.00001,0
"2016/02/03 00:03:22.0000",1,209.38762,0.00450,0
"2016/02/03 00:03:22.2500",1,223.88429,0.01160,0
"2016/02/03 00:03:22.5000",1,245.88048,0.00684,0
"2016/02/03 00:03:22.7500",1,240.24333,0.00130,0
"2016/02/03 00:03:23.0000",1,221.75381,0.01120,1
"2016/02/03 00:03:23.2500",1,221.64476,0.00599,1
"2016/02/03 00:03:23.5000",1,223.98810,0.00769,1
"2016/02/03 00:03:23.7500",1,224.18619,0.00635,0
"2016/02/03 00:03:24.0000",1,210.06757,0.00284,1
"2016/02/03 00:03:24.2500",1,211.33571,0.00780,1
"2016/02/03 00:03:24.5000",1,236.20524,0.00441,0
"2016/02/03 00:03:24.7500",1,263.46362,0.00069,0
"2016/02/03 00:03:25.0000",1,194.90448,0.00000,0
"2016/02/03 00:03:25.2500",1,198.79933,0.00103,0
"2016/02/03 00:03:25.5000",1,222.20390,0.00178,0
"2016/02/03 00:03:25.7500",1,206.14986,0.00305,0
"2016/02/03 00:03:26.0000",1,220.72381,0.00525,0
"2016/02/03 00:03:26.2500",1,229.59143,0.01008,0
"2016/02/03 00:03:26.5000",1,216.09714,0.00473,1
"2016/02/03 00:03:26.7500",1,213.25381,0.00558,1
"2016/02/03 00:03:27.0000",1,214.59619,0.00635,0
"2016/02/03 00:03:27.2500",1,209.38762,0.00501,0
"2016/02/03 00:03:27.5000",1,206.33619,0.00696,0
"2016/02/03 00:03:27.7500",1,223.57381,0.00470,0
"2016/02/03 00:03:28.0000",1,233.70343,0.00126,0
"2016/02/03 00:03:28.2500",1,200.58667,0.00192,0
"2016/02/03 00:03:28.5000",1,202.06143,0.00321,0
"2016/02/03 00:03:28.7500",1,188.15762,0.00256,0
"2016/02/03 00:03:29.0000",1,199.77919,0.00169,0
"2016/02/03 00:03:29.2500",1,161.64538,0.00039,0
"2016/02/03 00:03:29.5000",1,181.86524,0.00185,0
"2016/02/03 00:03:29.7500",1,195.55857,0.00143,0
"2016/02/03 00:03:30.0000",1,229.17238,0.00228,0
"2016/02/03 00:03:30.2500",1,201.03448,0.00272,0
"2016/02/03 00:03:30.5000",1,216.59714,0.00583,0
"2016/02/03 00:03:30.7500",1,209.54190,0.00698,0
"2016/02/03 00:03:31.0000",1,212.95714,0.00327,0
"2016/02/03 00:03:31.2500",1,243.15800,0.00004,0
"2016/02/03 00:03:31.5000",1,183.15395,0.00101,0
"2016/02/03 00:03:31.7500",1,193.02857,0.00682,1
"2016/02/03 00:03:32.0000",1,195.94571,0.00659,1
"2016/02/03 00:03:32.2500",1,205.04952,0.01307,0
"2016/02/03 00:03:32.5000",1,208.34429,0.00651,1
"2016/02/03 00:03:32.7500",1,216.04333,0.00319,1
"2016/02/03 00:03:33.0000",1,235.31190,0.00209,1
"2016/02/03 00:03:33.2500",1,219.14476,0.00159,0
"2016/02/03 00:03:33.5000",1,203.78000,0.00550,0
"2016/02/03 00:03:33.7500",1,197.78571,0.00070,0
"2016/02/03 00:03:34.0000",1,188.70048,0.00051,0
"2016/02/03 00:03:34.2500",1,186.33233,0.00041,0
"2016/02/03 00:03:34.5000",1,190.46833,0.00009,0
"2016/02/03 00:03:34.7500",1,179.95790,0.00000,0
"2016/02/03 00:03:35.0000",1,199.93190,0.00000,0
"2016/02/03 00:03:35.2500",1,221.54333,0.00001,0
"2016/02/03 00:03:35.5000",1,184.32395,0.00000,0
"2016/02/03 00:03:35.7500",1,184.36800,0.00002,0
"2016/02/03 00:03:36.0000",1,217.28667,0.00557,0
"2016/02/03 00:03:36.2500",1,211.24095,0.00321,0
"2016/02/03 00:03:36.5000",1,212.50190,0.00149,0
"2016/02/03 00:03:36.7500",1,182.46005,0.00331,1
"2016/02/03 00:03:37.0000",1,203.82714,0.00173,1
"2016/02/03 00:03:37.2500",1,261.52519,0.00034,0
"2016/02/03 00:03:37.5000",1,242.09629,0.00002,0
"2016/02/03 00:03:37.7500",1,191.29943,0.00000,0
"2016/02/03 00:03:38.0000",1,149.47648,0.00000,0
"2016/02/03 00:03:38.2500",0,0.00000,0.00000,0
"2016/02/03 00:03:38.5000",0,0.00000,0.00000,1
"2016/02/03 00:03:38.7500",0,0.00000,0.00000,1
"2016/02/03 00:03:39.0000",0,0.00000,0.00000,1
"2016/02/03 00:03:39.2500",0,0.00000,0.00000,1
"2016/02/03 00:03:39.5000",0,0.00000,0.00000,0
"2016/02/03 00:03:39.7500",0,0.00000,0.00000,0
"2016/02/03 00:03:40.0000",0,0.00000,0.00000,0
"2016/02/03 00:03:40.2500",0,0.00000,0.00000,0
"2016/02/03 00:03:40.5000",0,0.00000,0.00000,0
"2016/02/03 00:03:40.7500",0,0.00000,0.00000,0
"2016/02/03 00:03:41.0000",0,0.00000,0.00000,0
"2016/02/03 00:03:41.2500",0,0.00000,0.00000,0
"2016/02/03 00:03:41.5000",0,0.00000,0.00000,0
"2016/02/03 00:03:41.7500",0,0.00000,0.00000,0
"2016/02/03 00:03:42.0000",0,0.00000,0.00000,0
"2016/02/03 00:03:42.2500",0,0.00000,0.00000,0
"2016/02/03 00:03:42.5000",0,0.00000,0.00000,0
"2016/02/03 00:03:42.7500",0,0.00000,0.00000,0
"2016/02/03 00:03:43.0000",0,0.00000,0.00000,0
"2016/02/03 00:03:43.2500",0,0.00000,0.00000,0
"2016/02/03 00:03:43.5000",0,0.00000,0.00000,1
"2016/02/03 00:03:43.7500",0,0.00000,0.00000,1
"2016/02/03 00:03:44.0000",0,0.00000,0.00000,1
"2016/02/03 00:03:44.2500",0,0.00000,0.00000,1
"2016/02/03 00:03:44.5000",0,0.00000,0.00000,1
"2016/02/03 00:03:44.7500",0,0.00000,0.00000,1
"2016/02/03 00:03:45.0000",0,0.00000,0.00000,1
"2016/02/03 00:03:45.2500",0,0.00000,0.00000,1
"2016/02/03 00:03:45.5000",0,0.00000,0.00000,0
"2016/02/03 00:03:45.7500",0,0.00000,0.00000,0
"2016/02/03 00:03:46.0000",0,0.00000,0.00000,0
"2016/02/03 00:03:46.2500",0,0.00000,0.00000,0
"2016/02/03 00:03:46.5000",0,0.00000,0.00000,0
"2016/02/03 00:03:46.7500",0,0.00000,0.00000,0
"2016/02/03 00:03:47.0000",0,0.00000,0.00000,0
"2016/02/03 00:03:47.2500",0,0.00000,0.00000,0
"2016/02/03 00:03:47.5000",0,0.00000,0.00000,0
"2016/02/03 00:03:47.7500",0,0.00000,0.00000,0
"2016/02/03 00:03:48.0000",0,0.00000,0.00000,0
"2016/02/03 00:03:48.2500",0,0.00000,0.00000,0
"2016/02/03 00:03:48.5000",0,0.00000,0.00000,0
"2016/02/03 00:03:48.7500",0,0.00000,0.00000,0
"2016/02/03 00:03:49.0000",0,0.00000,0.00000,0
"2016/02/03 00:03:49.2500",0,0.00000,0.00000,0
"2016/02/03 00:03:49.5000",0,0.00000,0.00000,0
"2016/02/03 00:03:49.7500",0,0.00000,0.00000,0
"2016/02/03 00:03:50.0000",0,0.00000,0.00000,1
"2016/02/03 00:03:50.2500",0,0.00000,0.00000,1
"2016/02/03 00:03:50.5000",0,0.00000,0.00000,1
"2016/02/03 00:03:50.7500",0,0.00000,0.00000,1
"2016/02/03 00:03:51.0000",0,0.00000,0.00000,1
"2016/02/03 00:03:51.2500",0,0.00000,0.00000,1
"2016/02/03 00:03:51.5000",0,0.00000,0.00000,1
"2016/02/03 00:03:51.7500",0,0.00000,0.00000,1
"2016/02/03 00:03:52.0000",0,0.00000,0.00000,1
"2016/02/03 00:03:52.2500",0,0.00000,0.00000,1
"2016/02/03 00:03:52.5000",0,0.00000,0.00000,1
"2016/02/03 00:03:52.7500",0,0.00000,0.00000,0
"2016/02/03 00:03:53.0000",0,0.00000,0.00000,0
"2016/02/03 00:03:53.2500",0,0.00000,0.00000,0
"2016/02/03 00:03:53.5000",0,0.00000,0.00000,0
"2016/02/03 00:03:53.7500",0,0.00000,0.00000,0
"2016/02/03 00:03:54.0000",0,0.00000,0.00000,0
"2016/02/03 00:03:54.2500",0,0.00000,0.00000,0
"2016/02/03 00:03:54.5000",0,0.00000,0.00000,0
"2016/02/03 00:03:54.7500",0,0.00000,0.00000,0
"2016/02/03 00:03:55.0000",0,0.00000,0.00000,0
"2016/02/03 00:03:55.2500",0,0.00000,0.00000,0
"2016/02/03 00:03:55.5000",0,0.00000,0.00000,0
"2016/02/03 00:03:55.7500",0,0.00000,0.00000,0
"2016/02/03 00:03:56.0000",0,0.00000,0.00000,1
"2016/02/03 00:03:56.2500",0,0.00000,0.00000,1
"2016/02/03 00:03:56.5000",0,0.00000,0.00000,1
"2016/02/03 00:03:56.7500",0,0.00000,0.00000,1
"2016/02/03 00:03:57.0000",0,0.00000,0.00000,1
"2016/02/03 00:03:57.2500",0,0.00000,0.00000,1
"2016/02/03 00:03:57.5000",0,0.00000,0.00000,0
"2016/02/03 00:03:57.7500",0,0.00000,0.00000,0
"2016/02/03 00:03:58.0000",0,0.00000,0.00000,0
"2016/02/03 00:03:58.2500",0,0.00000,0.00000,0
"2016/02/03 00:03:58.5000",0,0.00000,0.00000,0
"2016/02/03 00:03:58.7500",0,0.00000,0.00000,0
"2016/02/03 00:03:59.0000",0,0.00000,0.00000,0
"2016/02/03 00:03:59.2500",0,0.00000,0.00000,0
"2016/02/03 00:03:59.5000",0,0.00000,0.00000,0
"2016/02/03 00:03:59.7500",0,0.00000,0.00000,0
"2016/02/03 00:04:0.0000",0,0.00000,0.00000,0
"2016/02/03 00:04:0.2500",0,0.00000,0.00000,0
"2016/02/03 00:04:0.5000",0,0.00000,0.00000,0
"2016/02/03 00:04:0.7500",0,0.00000,0.00000,0
"2016/02/03 00:04:1.0000",0,0.00000,0.00000,0
"2016/02/03 00:04:1.2500",0,0.00000,0.00000,0
"2016/02/03 00:04:1.5000",0,0.00000,0.00000,0
"2016/02/03 00:04:1.7500",0,0.00000,0.00000,1
"2016/02/03 00:04:2.0000",0,0.00000,0.00000,1
"2016/02/03 00:04:2.2500",0,0.00000,0.00000,1
"2016/02/03 00:04:2.5000",0,0.00000,0.00000,1
"2016/02/03 00:04:2.7500",0,0.00000,0.00000,1
"2016/02/03 00:04:3.0000",0,0.00000,0.00000,0
"2016/02/03 00:04:3.2500",0,0.00000,0.00000,0
"2016/02/03 00:04:3.5000",0,0.00000,0.00000,0
"2016/02/03 00:04:3.7500",0,0.00000,0.00000,0
"2016/02/03 00:04:4.0000",0,0.00000,0.00000,0
"2016/02/03 00:04:4.2500",0,0.00000,0.00000,0
"2016/02/03 00:04:4.5000",0,0.00000,0.00000,0
"2016/02/03 00:04:4.7500",0,0.00000,0.00000,1
"2016/02/03 00:04:5.0000",0,0.00000,0.00000,0
"2016/02/03 00:04:5.2500",0,0.00000,0.00000,0
"2016/02/03 00:04:5.5000",0,0.00000,0.00000,0
"2016/02/03 00:04:5.7500",0,0.00000,0.00000,0
"2016/02/03 00:04:6.0000",0,0.00000,0.00000,0
"2016/02/03 00:04:6.2500",0,0.00000,0.00000,0
"2016/02/03 00:04:6.5000",0,0.00000,0.00000,0
"2016/02/03 00:04:6.7500",0,0.00000,0.00000,0
"2016/02/03 00:04:7.0000",0,0.00000,0.00000,0
"2016/02/03 00:04:7.2500",0,0.00000,0.00000,0
"2016/02/03 00:04:7.5000",0,0.00000,0.00000,0
"2016/02/03 00:04:7.7500",0,0.00000,0.00000,0
"2016/02/03 00:04:8.0000",0,0.00000,0.00000,0
"2016/02/03 00:04:8.2500",0,0.00000,0.00000,0
"2016/02/03 00:04:8.5000",0,0.00000,0.00000,0
"2016/02/03 00:04:8.7500",0,0.00000,0.00000,0
"2016/02/03 00:04:9.0000",1,230.88571,0.00206,0
"2016/02/03 00:04:9.2500",1,213.05762,0.00313,0
"2016/02/03 00:04:9.5000",1,220.72429,0.00158,0
"2016/02/03 00:04:9.7500",1,236.84233,0.00424,0
"2016/02/03 00:04:10.0000",1,239.57476,0.01492,0
"2016/02/03 00:04:10.2500",1,231.44286,0.00588,0
"2016/02/03 00:04:10.5000",1,211.18810,0.00402,0
"2016/02/03 00:04:10.7500",1,232.94667,0.00303,0
"2016/02/03 00:04:11.0000",1,220.47143,0.00573,0
"2016/02/03 00:04:11.2500",1,242.08190,0.00266,0
"2016/02/03 00:04:11.5000",1,215.08652,0.00000,0
"2016/02/03 00:04:11.7500",1,233.67548,0.00095,0
"2016/02/03 00:04:12.0000",1,201.85095,0.00445,0
"2016/02/03 00:04:12.2500",1,212.12429,0.00449,0
"2016/02/03 00:04:12.5000",1,221.84043,0.00446,0
"2016/02/03 00:04:12.7500",1,229.77952,0.01064,0
"2016/02/03 00:04:13.0000",1,207.13210,0.00578,0
"2016/02/03 00:04:13.2500",1,171.08248,0.00367,0
"2016/02/03 00:04:13.5000",1,201.93905,0.00581,0
"2016/02/03 00:04:13.7500",1,210.50571,0.00344,0
"2016/02/03 00:04:14.0000",1,198.69667,0.00148,0
"2016/02/03 00:04:14.2500",1,189.46148,0.00123,0
"2016/02/03 00:04:14.5000",1,259.93571,0.00007,0
"2016/02/03 00:04:14.7500",1,220.38429,0.00257,0
"2016/02/03 00:04:15.0000",1,188.69862,0.00200,0
"2016/02/03 00:04:15.2500",1,199.90048,0.00251,0
"2016/02/03 00:04:15.5000",1,219.18524,0.00581,0
"2016/02/03 00:04:15.7500",1,284.95952,0.00233,0
"2016/02/03 00:04:16.0000",1,255.88400,0.00045,0
"2016/02/03 00:04:16.2500",1,233.00000,0.00856,0
"2016/02/03 00:04:16.5000",1,234.27619,0.01084,0
"2016/02/03 00:04:16.7500",1,247.53952,0.01399,0
"2016/02/03 00:04:17.0000",1,239.28762,0.00136,0
"2016/02/03 00:04:17.2500",1,227.66762,0.00399,0
"2016/02/03 00:04:17.5000",1,211.64952,0.00786,0
"2016/02/03 00:04:17.7500",1,205.22333,0.00683,1
"2016/02/03 00:04:18.0000",1,235.84667,0.00686,0
"2016/02/03 00:04:18.2500",1,261.30143,0.00328,0
"2016/02/03 00:04:18.5000",1,207.33619,0.00201,0
"2016/02/03 00:04:18.7500",1,226.75810,0.00243,0
"2016/02/03 00:04:19.0000",1,237.51429,0.00909,1
"2016/02/03 00:04:19.2500",1,232.57238,0.00759,0
"2016/02/03 00:04:19.5000",1,219.58471,0.00002,0
"2016/02/03 00:04:19.7500",1,160.24571,0.00000,0
"2016/02/03 00:04:20.0000",1,188.41886,0.00197,0
"2016/02/03 00:04:20.2500",1,224.65571,0.02107,0
"2016/02/03 00:04:20.5000",1,216.72762,0.00470,0
"2016/02/03 00:04:20.7500",1,203.59000,0.00886,0
"2016/02/03 00:04:21.0000",1,207.77143,0.00732,0
"2016/02/03 00:04:21.2500",1,218.24238,0.00597,0
"2016/02/03 00:04:21.5000",1,207.13048,0.00379,0
"2016/02/03 00:04:21.7500",1,192.26810,0.00651,0
"2016/02/03 00:04:22.0000",1,240.13000,0.01000,0
"2016/02/03 00:04:22.2500",1,250.29714,0.00054,0
"2016/02/03 00:04:22.5000",1,188.43586,0.00049,0
"2016/02/03 00:04:22.7500",1,212.34905,0.00295,0
"2016/02/03 00:04:23.0000",1,221.41524,0.00550,0
"2016/02/03 00:04:23.2500",1,202.15429,0.00856,0
"2016/02/03 00:04:23.5000",1,212.12143,0.00568,0
"2016/02/03 00:04:23.7500",1,217.22524,0.00629,0
"2016/02/03 00:04:24.0000",1,207.79286,0.00489,0
"2016/02/03 00:04:24.2500",1,233.19048,0.00208,0
"2016/02/03 00:04:24.5000",1,256.17857,0.00001,0
"2016/02/03 00:04:24.7500",1,206.47762,0.00041,0
"2016/02/03 00:04:25.0000",1,202.79381,0.00268,0
"2016/02/03 00:04:25.2500",1,206.57157,0.00131,0
"2016/02/03 00:04:25.5000",1,237.20476,0.00131,0
"2016/02/03 00:04:25.7500",1,215.65238,0.00355,0
"2016/02/03 00:04:26.0000",1,235.12524,0.00372,0
"2016/02/03 00:04:26.2500",1,233.24867,0.00001,0
"2016/02/03 00:04:26.5000",1,220.94738,0.00123,0
"2016/02/03 00:04:26.7500",1,204.25381,0.01008,0
"2016/02/03 00:04:27.0000",1,195.36667,0.00609,0
"2016/02/03 00:04:27.2500",1,198.83048,0.00448,0
"2016/02/03 00:04:27.5000",1,228.38571,0.00698,0
"2016/02/03 00:04:27.7500",1,239.02714,0.01252,0
"2016/02/03 00:04:28.0000",1,234.59381,0.00118,0
"2016/02/03 00:04:28.2500",1,210.02762,0.00414,0
"2016/02/03 00:04:28.5000",1,232.81952,0.00307,0
"2016/02/03 00:04:28.7500",1,215.29333,0.00539,0
"2016/02/03 00:04:29.0000",1,219.76952,0.00515,0
"2016/02/03 00:04:29.2500",1,226.36762,0.00341,0
"2016/02/03 00:04:29.5000",1,207.54476,0.00129,0
"2016/02/03 00:04:29.7500",1,214.91524,0.00539,0
"2016/02/03 00:04:30.0000",1,220.52714,0.00458,0
"2016/02/03 00:04:30.2500",1,224.64286,0.00475,0
"2016/02/03 00:04:30.5000",1,221.60857,0.00599,0
"2016/02/03 00:04:30.7500",1,199.96190,0.00478,0
"2016/02/03 00:04:31.0000",1,202.98905,0.00617,0
"2016/02/03 00:04:31.2500",1,218.65571,0.00959,0
"2016/02/03 00:04:31.5000",1,252.75048,0.00778,0
"2016/02/03 00:04:31.7500",1,281.81476,0.00603,0
"2016/02/03 00:04:32.0000",1,229.29524,0.00558,0
"2016/02/03 00:04:32.2500",1,221.52762,0.00624,0
"2016/02/03 00:04:32.5000",1,231.30762,0.00534,0
"2016/02/03 00:04:32.7500",1,230.89143,0.01114,0
"2016/02/03 00:04:33.0000",1,210.35048,0.00564,0
"2016/02/03 00:04:33.2500",1,206.07333,0.00326,0
"2016/02/03 00:04:33.5000",1,189.27733,0.00152,0
"2016/02/03 00:04:33.7500",1,216.21000,0.00345,1
"2016/02/03 00:04:34.0000",1,221.58619,0.00743,0
"2016/02/03 00:04:34.2500",1,221.72667,0.00194,1
"2016/02/03 00:04:34.5000",1,230.18143,0.00212,1
"2016/02/03 00:04:34.7500",1,223.72667,0.00489,0
"2016/02/03 00:04:35.0000",1,261.92048,0.00560,0
"2016/02/03 00:04:35.2500",1,251.85286,0.00004,0
"2016/02/03 00:04:35.5000",1,194.88714,0.00000,0
"2016/02/03 00:04:35.7500",1,176.13571,0.00001,0
"2016/02/03 00:04:36.0000",1,221.53286,0.00440,0
"2016/02/03 00:04:36.2500",1,197.74476,0.00991,0
"2016/02/03 00:04:36.5000",1,171.80471,0.00513,0
"2016/02/03 00:04:36.7500",1,200.88519,0.00562,0
"2016/02/03 00:04:37.0000",1,213.35667,0.00859,0
"2016/02/03 00:04:37.2500",1,211.17857,0.00750,1
"2016/02/03 00:04:37.5000",1,212.10762,0.00687,1
"2016/02/03 00:04:37.7500",1,211.24000,0.00551,0
"2016/02/03 00:04:38.0000",1,210.72476,0.00983,0
"2016/02/03 00:04:38.2500",1,229.87000,0.00448,0
"2016/02/03 00:04:38.5000",1,241.07000,0.00456,0
"2016/02/03 00:04:38.7500",1,222.85048,0.00258,0
"2016/02/03 00:04:39.0000",1,200.14614,0.00266,0
"2016/02/03 00:04:39.2500",1,204.91286,0.00327,0
"2016/02/03 00:04:39.5000",1,205.03714,0.00281,0
"2016/02/03 00:04:39.7500",1,204.22000,0.00574,0
"2016/02/03 00:04:40.0000",1,188.92738,0.00808,0
"2016/02/03 00:04:40.2500",1,207.54524,0.00157,0
"2016/02/03 00:04:40.5000",1,213.13667,0.00058,0
"2016/02/03 00:04:40.7500",1,217.13905,0.00232,0
"2016/02/03 00:04:41.0000",1,186.44005,0.00230,0
"2016/02/03 00:04:41.2500",1,153.87157,0.00073,0
"2016/02/03 00:04:41.5000",1,211.27476,0.00346,0
"2016/02/03 00:04:41.7500",1,203.42286,0.00478,0
"2016/02/03 00:04:42.0000",1,185.14167,0.00257,0
"2016/02/03 00:04:42.2500",1,216.51048,0.00241,0
"2016/02/03 00:04:42.5000",1,198.87052,0.00205,1
"2016/02/03 00:04:42.7500",1,223.98024,0.00093,1
"2016/02/03 00:04:43.0000",1,240.69476,0.00001,0
"2016/02/03 00:04:43.2500",1,240.66448,0.00003,0
"2016/02/03 00:04:43.5000",1,206.10114,0.00276,0
"2016/02/03 00:04:43.7500",1,194.70095,0.00250,0
"2016/02/03 00:04:44.0000",1,194.60619,0.00534,0
"2016/02/03 00:04:44.2500",1,198.87667,0.00121,0
"2016/02/03 00:04:44.5000",1,207.29095,0.00241,0
"2016/02/03 00:04:44.7500",1,201.48667,0.00180,0
"2016/02/03 00:04:45.0000",1,206.22571,0.00306,0
"2016/02/03 00:04:45.2500",1,199.49714,0.00446,0
"2016/02/03 00:04:45.5000",1,194.70524,0.00231,0
"2016/02/03 00:04:45.7500",1,235.00571,0.00002,0
"2016/02/03 00:04:46.0000",1,234.61310,0.00001,0
"2016/02/03 00:04:46.2500",1,201.52167,0.00000,0
"2016/02/03 00:04:46.5000",1,205.08333,0.00402,0
"2016/02/03 00:04:46.7500",1,212.73190,0.01206,0
"2016/02/03 00:04:47.0000",1,213.43238,0.01087,0
"2016/02/03 00:04:47.2500",1,204.81143,0.00811,0
"2016/02/03 00:04:47.5000",1,207.55857,0.00679,0
"2016/02/03 00:04:47.7500",1,206.43952,0.00407,0
"2016/02/03 00:04:48.0000",1,217.27667,0.00399,0
"2016/02/03 00:04:48.2500",1,213.46762,0.00084,1
"2016/02/03 00:04:48.5000",1,222.49333,0.00638,1
"2016/02/03 00:04:48.7500",1,231.11619,0.00460,1
"2016/02/03 00:04:49.0000",1,218.53857,0.00373,0
"2016/02/03 00:04:49.2500",1,218.47238,0.00322,0
"2016/02/03 00:04:49.5000",1,210.18333,0.00472,0
"2016/02/03 00:04:49.7500",1,211.82048,0.00629,0
"2016/02/03 00:04:50.0000",1,309.49476,0.00400,0
"2016/02/03 00:04:50.2500",1,272.23086,0.00001,0
"2016/02/03 00:04:50.5000",1,202.48095,0.00009,0
"2016/02/03 00:04:50.7500",1,208.54524,0.00425,0
"2016/02/03 00:04:51.0000",1,193.75910,0.00422,0
"2016/02/03 00:04:51.2500",1,173.98981,0.00186,0
"2016/02/03 00:04:51.5000",1,218.27000,0.00217,0
"2016/02/03 00:04:51.7500",1,245.57952,0.00244,0
"2016/02/03 00:04:52.0000",1,226.11571,0.00357,0
"2016/02/03 00:04:52.2500",1,219.67862,0.00251,0
"2016/02/03 00:04:52.5000",1,230.83000,0.00039,0
"2016/02/03 00:04:52.7500",1,198.88000,0.00160,0
"2016/02/03 00:04:53.0000",1,203.17810,0.00034,0
"2016/02/03 00:04:53.2500",1,166.03948,0.00102,0
"2016/02/03 00:04:53.5000",1,162.37110,0.00058,0
"2016/02/03 00:04:53.7500",1,241.24619,0.00009,0
"2016/02/03 00:04:54.0000",1,209.85381,0.00434,0
"2016/02/03 00:04:54.2500",1,199.01286,0.00364,0
"2016/02/03 00:04:54.5000",1,212.82857,0.00350,0
"2016/02/03 00:04:54.7500",1,181.33671,0.00067,0
"2016/02/03 00:04:55.0000",1,182.80071,0.00057,0
"2016/02/03 00:04:55.2500",1,195.43852,0.00110,1
"2016/02/03 00:04:55.5000",1,156.46548,0.00019,0
"2016/02/03 00:04:55.7500",1,217.33833,0.00005,0
"2016/02/03 00:04:56.0000",1,231.56024,0.00492,0
"2016/02/03 00:04:56.2500",1,225.66429,0.00180,0
"2016/02/03 00:04:56.5000",1,210.26095,0.00083,0
"2016/02/03 00:04:56.7500",1,228.26386,0.00026,0
"2016/02/03 00:04:57.0000",0,0.00000,0.00000,0
"2016/02/03 00:04:57.2500",0,0.00000,0.00000,0
"2016/02/03 00:04:57.5000",0,0.00000,0.00000,0
"2016/02/03 00:04:57.7500",0,0.00000,0.00000,0
"2016/02/03 00:04:58.0000",0,0.00000,0.00000,1
"2016/02/03 00:04:58.2500",0,0.00000,0.00000,1
"2016/02/03 00:04:58.5000",0,0.00000,0.00000,1
"2016/02/03 00:04:58.7500",0,0.00000,0.00000,0
"2016/02/03 00:04:59.0000",0,0.00000,0.00000,0
"2016/02/03 00:04:59.2500",0,0.00000,0.00000,0
"2016/02/03 00:04:59.5000",0,0.00000,0.00000,0
"2016/02/03 00:04:59.7500",0,0.00000,0.00000,0
"2016/02/03 00:05:0.0000",0,0.00000,0.00000,0
"2016/02/03 00:05:0.2500",0,0.00000,0.00000,0
"2016/02/03 00:05:0.5000",0,0.00000,0.00000,0
"2016/02/03 00:05:0.7500",0,0.00000,0.00000,0
"2016/02/03 00:05:1.0000",0,0.00000,0.00000,0
"2016/02/03 00:05:1.2500",0,0.00000,0.00000,1
"2016/02/03 00:05:1.5000",0,0.00000,0.00000,1
"2016/02/03 00:05:1.7500",0,0.00000,0.00000,1
"2016/02/03 00:05:2.0000",0,0.00000,0.00000,1
"2016/02/03 00:05:2.2500",0,0.00000,0.00000,0
"2016/02/03 00:05:2.5000",0,0.00000,0.00000,0
"2016/02/03 00:05:2.7500",0,0.00000,0.00000,0
"2016/02/03 00:05:3.0000",0,0.00000,0.00000,0
"2016/02/03 00:05:3.2500",0,0.00000,0.00000,0
"2016/02/03 00:05:3.5000",0,0.00000,0.00000,0
"2016/02/03 00:05:3.7500",0,0.00000,0.00000,1
"2016/02/03 00:05:4.0000",0,0.00000,0.00000,1
"2016/02/03 00:05:4.2500",0,0.00000,0.00000,1
"2016/02/03 00:05:4.5000",0,0.00000,0.00000,1
"2016/02/03 00:05:4.7500",0,0.00000,0.00000,1
"2016/02/03 00:05:5.0000",0,0.00000,0.00000,0
"2016/02/03 00:05:5.2500",0,0.00000,0.00000,0
"2016/02/03 00:05:5.5000",0,0.00000,0.00000,0
"2016/02/03 00:05:5.7500",0,0.00000,0.00000,0
"2016/02/03 00:05:6.0000",0,0.00000,0.00000,0
"2016/02/03 00:05:6.2500",0,0.00000,0.00000,0
"2016/02/03 00:05:6.5000",0,0.00000,0.00000,0
"2016/02/03 00:05:6.7500",0,0.00000,0.00000,0
"2016/02/03 00:05:7.0000",0,0.00000,0.00000,0
"2016/02/03 00:05:7.2500",0,0.00000,0.00000,0
"2016/02/03 00:05:7.5000",0,0.00000,0.00000,0
"2016/02/03 00:05:7.7500",0,0.00000,0.00000,0
"2016/02/03 00:05:8.0000",0,0.00000,0.00000,0
"2016/02/03 00:05:8.2500",0,0.00000,0.00000,1
"2016/02/03 00:05:8.5000",0,0.00000,0.00000,1
"2016/02/03 00:05:8.7500",0,0.00000,0.00000,1
"2016/02/03 00:05:9.0000",0,0.00000,0.00000,1
"2016/02/03 00:05:9.2500",0,0.00000,0.00000,1
"2016/02/03 00:05:9.5000",0,0.00000,0.00000,0
"2016/02/03 00:05:9.7500",0,0.00000,0.00000,0
"2016/02/03 00:05:10.0000",0,0.00000,0.00000,1
"2016/02/03 00:05:10.2500",0,0.00000,0.00000,1
"2016/02/03 00:05:10.5000",0,0.00000,0.00000,1
"2016/02/03 00:05:10.7500",0,0.00000,0.00000,1
"2016/02/03 00:05:11.0000",0,0.00000,0.00000,0
"2016/02/03 00:05:11.2500",0,0.00000,0.00000,0
"2016/02/03 00:05:11.5000",0,0.00000,0.00000,0
"2016/02/03 00:05:11.7500",0,0.00000,0.00000,0
"2016/02/03 00:05:12.0000",0,0.00000,0.00000,0
"2016/02/03 00:05:12.2500",0,0.00000,0.00000,0
"2016/02/03 00:05:12.5000",0,0.00000,0.00000,0
"2016/02/03 00:05:12.7500",0,0.00000,0.00000,0
"2016/02/03 00:05:13.0000",0,0.00000,0.00000,0
"2016/02/03 00:05:13.2500",0,0.00000,0.00000,0
"2016/02/03 00:05:13.5000",0,0.00000,0.00000,0
"2016/02/03 00:05:13.7500",0,0.00000,0.00000,0
"2016/02/03 00:05:14.0000",0,0.00000,0.00000,0
"2016/02/03 00:05:14.2500",0,0.00000,0.00000,0
"2016/02/03 00:05:14.5000",0,0.00000,0.00000,0
"2016/02/03 00:05:14.7500",0,0.00000,0.00000,0
"2016/02/03 00:05:15.0000",0,0.00000,0.00000,0
"2016/02/03 00:05:15.2500",0,0.00000,0.00000,0
"2016/02/03 00:05:15.5000",0,0.00000,0.00000,0
"2016/02/03 00:05:15.7500",0,0.00000,0.00000,0
"2016/02/03 00:05:16.0000",0,0.00000,0.00000,0
"2016/02/03 00:05:16.2500",0,0.00000,0.00000,0
"2016/02/03 00:05:16.5000",0,0.00000,0.00000,0
"2016/02/03 00:05:16.7500",0,0.00000,0.00000,0
"2016/02/03 00:05:17.0000",0,0.00000,0.00000,1
"2016/02/03 00:05:17.2500",0,0.00000,0.00000,1
"2016/02/03 00:05:17.5000",0,0.00000,0.00000,1
"2016/02/03 00:05:17.7500",0,0.00000,0.00000,1
"2016/02/03 00:05:18.0000",0,0.00000,0.00000,1
"2016/02/03 00:05:18.2500",0,0.00000,0.00000,0
"2016/02/03 00:05:18.5000",0,0.00000,0.00000,0
"2016/02/03 00:05:18.7500",0,0.00000,0.00000,0
"2016/02/03 00:05:19.0000",0,0.00000,0.00000,0
"2016/02/03 00:05:19.2500",0,0.00000,0.00000,0
"2016/02/03 00:05:19.5000",0,0.00000,0.00000,0
"2016/02/03 00:05:19.7500",0,0.00000,0.00000,0
"2016/02/03 00:05:20.0000",0,0.00000,0.00000,0
"2016/02/03 00:05:20.2500",0,0.00000,0.00000,0
"2016/02/03 00:05:20.5000",0,0.00000,0.00000,0
"2016/02/03 00:05:20.7500",0,0.00000,0.00000,0
"2016/02/03 00:05:21.0000",0,0.00000,0.00000,0
"2016/02/03 00:05:21.2500",0,0.00000,0.00000,0
"2016/02/03 00:05:21.5000",0,0.00000,0.00000,0
"2016/02/03 00:05:21.7500",0,0.00000,0.00000,0
"2016/02/03 00:05:22.0000",0,0.00000,0.00000,0
"2016/02/03 00:05:22.2500",0,0.00000,0.00000,0
"2016/02/03 00:05:22.5000",0,0.00000,0.00000,0
"2016/02/03 00:05:22.7500",0,0.00000,0.00000,0
"2016/02/03 00:05:23.0000",0,0.00000,0.00000,0
"2016/02/03 00:05:23.2500",0,0.00000,0.00000,0
"2016/02/03 00:05:23.5000",0,0.00000,0.00000,0
"2016/02/03 00:05:23.7500",0,0.00000,0.00000,0
"2016/02/03 00:05:24.0000",0,0.00000,0.00000,0
"2016/02/03 00:05:24.2500",0,0.00000,0.00000,0
"2016/02/03 00:05:24.5000",0,0.00000,0.00000,0
"2016/02/03 00:05:24.7500",0,0.00000,0.00000,0
"2016/02/03 00:05:25.0000",0,0.00000,0.00000,0
"2016/02/03 00:05:25.2500",0,0.00000,0.00000,0
"2016/02/03 00:05:25.5000",0,0.00000,0.00000,0
"2016/02/03 00:05:25.7500",0,0.00000,0.00000,0
"2016/02/03 00:05:26.0000",0,0.00000,0.00000,1
"2016/02/03 00:05:26.2500",0,0.00000,0.00000,1
"2016/02/03 00:05:26.5000",0,0.00000,0.00000,0
"2016/02/03 00:05:26.7500",0,0.00000,0.00000,0
"2016/02/03 00:05:27.0000",0,0.00000,0.00000,0
"2016/02/03 00:05:27.2500",1,245.24190,0.00172,0
"2016/02/03 00:05:27.5000",1,244.68048,0.00859,0
"2016/02/03 00:05:27.7500",1,308.07190,0.01570,0
"2016/02/03 00:05:28.0000",1,280.54095,0.00029,0
"2016/02/03 00:05:28.2500",1,254.98105,0.00003,0
"2016/02/03 00:05:28.5000",1,271.74090,0.00059,0
"2016/02/03 00:05:28.7500",1,227.16619,0.00206,0
"2016/02/03 00:05:29.0000",1,217.21333,0.00403,0
"2016/02/03 00:05:29.2500",1,215.56714,0.00620,0
"2016/02/03 00:05:29.5000",1,235.38143,0.00575,0
"2016/02/03 00:05:29.7500",1,214.96886,0.00250,0
"2016/02/03 00:05:30.0000",1,212.04124,0.00268,0
"2016/02/03 00:05:30.2500",1,229.43810,0.00487,0
"2016/02/03 00:05:30.5000",1,202.03857,0.00258,0
"2016/02/03 00:05:30.7500",1,203.30238,0.00276,0
"2016/02/03 00:05:31.0000",1,189.76571,0.00262,0
"2016/02/03 00:05:31.2500",1,186.69714,0.00085,0
"2016/02/03 00:05:31.5000",1,198.99048,0.00231,0
"2016/02/03 00:05:31.7500",1,208.07143,0.00214,0
"2016/02/03 00:05:32.0000",1,229.41190,0.00564,0
"2016/02/03 00:05:32.2500",1,232.91090,0.00259,0
"2016/02/03 00:05:32.5000",1,210.49262,0.00001,0
"2016/02/03 00:05:32.7500",1,217.96076,0.00481,0
"2016/02/03 00:05:33.0000",1,210.35667,0.00310,0
"2016/02/03 00:05:33.2500",1,220.14190,0.00654,0
"2016/02/03 00:05:33.5000",1,194.17381,0.00611,0
"2016/02/03 00:05:33.7500",1,184.79048,0.00257,0
"2016/02/03 00:05:34.0000",1,195.78286,0.00492,0
"2016/02/03 00:05:34.2500",1,215.39571,0.00575,0
"2016/02/03 00:05:34.5000",1,208.53810,0.00939,0
"2016/02/03 00:05:34.7500",1,199.20857,0.00224,0
"2016/02/03 00:05:35.0000",1,223.27295,0.00001,0
"2016/02/03 00:05:35.2500",1,203.99962,0.00580,0
"2016/02/03 00:05:35.5000",1,225.33857,0.01501,0
"2016/02/03 00:05:35.7500",1,221.16952,0.00421,1
"2016/02/03 00:05:36.0000",1,222.38429,0.00835,1
"2016/02/03 00:05:36.2500",1,222.34857,0.00651,0
"2016/02/03 00:05:36.5000",1,204.44667,0.00773,0
"2016/02/03 00:05:36.7500",1,195.72000,0.01275,0
"2016/02/03 00:05:37.0000",1,207.00048,0.00933,0
"2016/02/03 00:05:37.2500",1,206.77238,0.00246,0
"2016/02/03 00:05:37.5000",1,214.53857,0.00265,0
"2016/02/03 00:05:37.7500",1,202.49524,0.00398,1
"2016/02/03 00:05:38.0000",1,217.40619,0.00260,1
"2016/02/03 00:05:38.2500",1,206.53619,0.00007,1
"2016/02/03 00:05:38.5000",1,194.87857,0.00068,0
"2016/02/03 00:05:38.7500",1,185.18733,0.00063,0
"2016/02/03 00:05:39.0000",1,175.87805,0.00002,0
"2016/02/03 00:05:39.2500",1,186.43543,0.00000,0
"2016/02/03 00:05:39.5000",1,167.34276,0.00000,0
"2016/02/03 00:05:39.7500",1,212.45667,0.00313,0
"2016/02/03 00:05:40.0000",1,211.18638,0.00086,0
"2016/02/03 00:05:40.2500",1,206.78052,0.00225,0
"2016/02/03 00:05:40.5000",1,232.66886,0.01119,0
"2016/02/03 00:05:40.7500",1,205.08238,0.00714,0
"2016/02/03 00:05:41.0000",1,214.08905,0.00256,0
"2016/02/03 00:05:41.2500",1,242.09086,0.00132,0
"2016/02/03 00:05:41.5000",1,197.31610,0.00009,0
"2016/02/03 00:05:41.7500",1,191.85190,0.00243,0
"2016/02/03 00:05:42.0000",1,197.83524,0.00448,0
"2016/02/03 00:05:42.2500",1,205.30857,0.00503,0
"2016/02/03 00:05:42.5000",1,212.92810,0.00656,0
"2016/02/03 00:05:42.7500",1,208.52714,0.00821,0
"2016/02/03 00:05:43.0000",1,208.67000,0.00521,0
"2016/02/03 00:05:43.2500",1,191.79381,0.00340,0
"2016/02/03 00:05:43.5000",1,195.99762,0.00195,0
"2016/02/03 00:05:43.7500",1,206.21857,0.00197,0
"2016/02/03 00:05:44.0000",1,214.07381,0.00363,0
"2016/02/03 00:05:44.2500",1,220.43681,0.00000,0
"2016/02/03 00:05:44.5000",1,185.54562,0.00001,0
"2016/02/03 00:05:44.7500",1,216.22724,0.00982,0
"2016/02/03 00:05:45.0000",1,214.62476,0.01239,0
"2016/02/03 00:05:45.2500",1,209.90667,0.00419,0
"2016/02/03 00:05:45.5000",1,154.92643,0.00054,0
"2016/02/03 00:05:45.7500",1,217.44048,0.01689,0
"2016/02/03 00:05:46.0000",1,213.13952,0.01571,0
"2016/02/03 00:05:46.2500",1,213.10810,0.00301,0
"2016/02/03 00:05:46.5000",1,182.63043,0.00002,0
"2016/02/03 00:05:46.7500",1,221.60476,0.00944,0
"2016/02/03 00:05:47.0000",1,228.87857,0.01150,0
"2016/02/03 00:05:47.2500",1,213.06333,0.00669,0
"2016/02/03 00:05:47.5000",1,218.52571,0.00319,0
"2016/02/03 00:05:47.7500",1,207.71857,0.00798,0
"2016/02/03 00:05:48.0000",1,215.46524,0.00123,1
"2016/02/03 00:05:48.2500",1,169.44329,0.00156,1
"2016/02/03 00:05:48.5000",1,168.49571,0.00405,0
"2016/02/03 00:05:48.7500",1,250.92095,0.01571,0
"2016/02/03 00:05:49.0000",1,218.20333,0.01083,0
"2016/02/03 00:05:49.2500",1,227.93476,0.00845,0
"2016/02/03 00:05:49.5000",1,227.94000,0.00025,0
"2016/02/03 00:05:49.7500",1,231.85900,0.00002,0
"2016/02/03 00:05:50.0000",1,200.14105,0.00399,0
"2016/02/03 00:05:50.2500",1,201.43667,0.00222,0
"2016/02/03 00:05:50.5000",1,211.73952,0.00681,0
"2016/02/03 00:05:50.7500",1,175.91424,0.00325,0
"2016/02/03 00:05:51.0000",1,199.89471,0.00266,0
"2016/02/03 00:05:51.2500",1,220.64143,0.01408,0
"2016/02/03 00:05:51.5000",1,217.55095,0.01370,1
"2016/02/03 00:05:51.7500",1,222.12429,0.01349,1
"2016/02/03 00:05:52.0000",1,246.58524,0.01200,0
"2016/02/03 00:05:52.2500",1,237.81381,0.01264,0
"2016/02/03 00:05:52.5000",1,225.35429,0.00583,0
"2016/02/03 00:05:52.7500",1,202.26714,0.00650,0
"2016/02/03 00:05:53.0000",1,217.92810,0.00252,0
"2016/02/03 00:05:53.2500",1,205.26567,0.00202,0
"2016/02/03 00:05:53.5000",1,209.39757,0.00301,0
"2016/02/03 00:05:53.7500",1,237.80810,0.01378,0
"2016/02/03 00:05:54.0000",1,256.67952,0.00571,0
"2016/02/03 00:05:54.2500",1,215.41867,0.00001,0
"2016/02/03 00:05:54.5000",1,206.84595,0.00801,0
"2016/02/03 00:05:54.7500",1,222.47143,0.00886,0
"2016/02/03 00:05:55.0000",1,248.95524,0.00371,0
"2016/02/03 00:05:55.2500",1,240.00381,0.00027,0
"2016/02/03 00:05:55.5000",1,175.80414,0.00000,0
"2016/02/03 00:05:55.7500",1,216.43605,0.00000,0
"2016/02/03 00:05:56.0000",1,221.74119,0.00161,1
"2016/02/03 00:05:56.2500",1,209.94238,0.00392,1
"2016/02/03 00:05:56.5000",1,201.15286,0.00027,1
"2016/02/03 00:05:56.7500",1,204.41705,0.00445,1
"2016/02/03 00:05:57.0000",1,222.98429,0.01341,1
"2016/02/03 00:05:57.2500",1,212.08857,0.01362,1
"2016/02/03 00:05:57.5000",1,203.81000,0.00283,1
"2016/02/03 00:05:57.7500",1,215.97381,0.00147,1
"2016/02/03 00:05:58.0000",1,248.16524,0.01010,1
"2016/02/03 00:05:58.2500",1,250.47624,0.00367,0
"2016/02/03 00:05:58.5000",1,206.84243,0.00001,0
"2016/02/03 00:05:58.7500",1,190.77324,0.00005,0
"2016/02/03 00:05:59.0000",1,219.17952,0.00536,0
"2016/02/03 00:05:59.2500",1,209.60333,0.00785,0
"2016/02/03 00:05:59.5000",1,212.76762,0.00435,0
"2016/02/03 00:05:59.7500",1,205.59381,0.00516,0
"2016/02/03 00:06:0.0000",1,201.99333,0.00404,0
"2016/02/03 00:06:0.2500",1,206.05110,0.00428,0
"2016/02/03 00:06:0.5000",1,205.13571,0.00520,0
"2016/02/03 00:06:0.7500",1,218.33000,0.00009,0
"2016/02/03 00:06:1.0000",1,188.38305,0.00000,0
"2016/02/03 00:06:1.2500",1,211.52752,0.00224,0
"2016/02/03 00:06:1.5000",1,226.94143,0.00525,1
"2016/02/03 00:06:1.7500",1,210.50381,0.00540,1
"2016/02/03 00:06:2.0000",1,217.69571,0.00557,1
"2016/02/03 00:06:2.2500",1,204.08810,0.00465,1
"2016/02/03 00:06:2.5000",1,208.84619,0.00285,1
"2016/02/03 00:06:2.7500",1,209.18714,0.00290,0
"2016/02/03 00:06:3.0000",1,196.30476,0.00200,1
"2016/02/03 00:06:3.2500",1,220.78667,0.00261,1
"2016/02/03 00:06:3.5000",1,205.32238,0.00158,1
"2016/02/03 00:06:3.7500",1,213.58619,0.00273,0
"2016/02/03 00:06:4.0000",1,202.18286,0.00365,0
"2016/02/03 00:06:4.2500",1,211.84429,0.00355,0
"2016/02/03 00:06:4.5000",1,221.62190,0.00291,0
"2016/02/03 00:06:4.7500",1,206.02810,0.00223,0
"2016/02/03 00:06:5.0000",1,201.91190,0.00258,0
"2016/02/03 00:06:5.2500",1,265.53619,0.00012,1
"2016/02/03 00:06:5.5000",1,251.84143,0.00275,1
"2016/02/03 00:06:5.7500",1,210.06190,0.00453,1
"2016/02/03 00:06:6.0000",1,186.13505,0.00448,1
"2016/02/03 00:06:6.2500",1,111.68148,0.00120,1
"2016/02/03 00:06:6.5000",1,184.74462,0.00012,0
"2016/02/03 00:06:6.7500",1,188.04071,0.00000,0
"2016/02/03 00:06:7.0000",1,171.78810,0.00010,0
"2016/02/03 00:06:7.2500",1,194.12238,0.00350,0
"2016/02/03 00:06:7.5000",1,203.53905,0.00241,0
"2016/02/03 00:06:7.7500",1,195.02238,0.00214,0
"2016/02/03 00:06:8.0000",1,207.79833,0.00116,0
"2016/02/03 00:06:8.2500",1,210.55786,0.00047,0
"2016/02/03 00:06:8.5000",1,207.13667,0.00037,0
"2016/02/03 00:06:8.7500",1,191.07567,0.00137,1
"2016/02/03 00:06:9.0000",1,158.83271,0.00056,1
"2016/02/03 00:06:9.2500",1,154.29900,0.00062,1
"2016/02/03 00:06:9.5000",1,218.59600,0.00056,1
"2016/02/03 00:06:9.7500",1,214.73143,0.00060,1
"2016/02/03 00:06:10.0000",1,272.03381,0.00000,0
"2016/02/03 00:06:10.2500",1,209.22095,0.00000,0
"2016/02/03 00:06:10.5000",1,177.06633,0.00000,0
"2016/02/03 00:06:10.7500",0,0.00000,0.00000,0
"2016/02/03 00:06:11.0000",0,0.00000,0.00000,0
"2016/02/03 00:06:11.2500",0,0.00000,0.00000,1
"2016/02/03 00:06:11.5000",0,0.00000,0.00000,1
"2016/02/03 00:06:11.7500",0,0.00000,0.00000,1
"2016/02/03 00:06:12.0000",0,0.00000,0.00000,1
"2016/02/03 00:06:12.2500",0,0.00000,0.00000,1
"2016/02/03 00:06:12.5000",0,0.00000,0.00000,0
"2016/02/03 00:06:12.7500",0,0.00000,0.00000,0
"2016/02/03 00:06:13.0000",0,0.00000,0.00000,0
"2016/02/03 00:06:13.2500",0,0.00000,0.00000,0
"2016/02/03 00:06:13.5000",0,0.00000,0.00000,1
"2016/02/03 00:06:13.7500",0,0.00000,0.00000,1
"2016/02/03 00:06:14.0000",0,0.00000,0.00000,1
"2016/02/03 00:06:14.2500",0,0.00000,0.00000,0
"2016/02/03 00:06:14.5000",0,0.00000,0.00000,0
"2016/02/03 00:06:14.7500",0,0.00000,0.00000,0
"2016/02/03 00:06:15.0000",0,0.00000,0.00000,0
"2016/02/03 00:06:15.2500",0,0.00000,0.00000,0
"2016/02/03 00:06:15.5000",0,0.00000,0.00000,0
"2016/02/03 00:06:15.7500",0,0.00000,0.00000,0
"2016/02/03 00:06:16.0000",0,0.00000,0.00000,0
"2016/02/03 00:06:16.2500",0,0.00000,0.00000,0
"2016/02/03 00:06:16.5000",0,0.00000,0.00000,0
"2016/02/03 00:06:16.7500",0,0.00000,0.00000,0
"2016/02/03 00:06:17.0000",0,0.00000,0.00000,0
"2016/02/03 00:06:17.2500",0,0.00000,0.00000,1
"2016/02/03 00:06:17.5000",0,0.00000,0.00000,1
"2016/02/03 00:06:17.7500",0,0.00000,0.00000,0
"2016/02/03 00:06:18.0000",0,0.00000,0.00000,0
"2016/02/03 00:06:18.2500",0,0.00000,0.00000,0
"2016/02/03 00:06:18.5000",0,0.00000,0.00000,0
"2016/02/03 00:06:18.7500",0,0.00000,0.00000,0
"2016/02/03 00:06:19.0000",0,0.00000,0.00000,0
"2016/02/03 00:06:19.2500",1,215.29905,0.00144,0
"2016/02/03 00:06:19.5000",1,208.21714,0.00277,0
"2016/02/03 00:06:19.7500",1,218.13810,0.00205,0
"2016/02/03 00:06:20.0000",1,233.60095,0.00147,0
"2016/02/03 00:06:20.2500",1,259.86619,0.01104,0
"2016/02/03 00:06:20.5000",1,260.80143,0.00588,0
"2016/02/03 00:06:20.7500",1,261.81181,0.00001,0
"2016/02/03 00:06:21.0000",1,192.85881,0.00074,0
"2016/02/03 00:06:21.2500",1,192.65619,0.00482,0
"2016/02/03 00:06:21.5000",1,208.92238,0.00126,0
"2016/02/03 00:06:21.7500",1,236.77857,0.00189,0
"2016/02/03 00:06:22.0000",1,235.89048,0.00322,0
"2016/02/03 00:06:22.2500",1,222.19138,0.00432,0
"2016/02/03 00:06:22.5000",1,223.73324,0.00021,0
"2016/02/03 00:06:22.7500",1,219.31990,0.00000,0
"2016/02/03 00:06:23.0000",1,232.88762,0.00016,0
"2016/02/03 00:06:23.2500",1,220.13476,0.00491,0
"2016/02/03 00:06:23.5000",1,201.13000,0.00573,0
"2016/02/03 00:06:23.7500",1,197.35667,0.00109,0
"2016/02/03 00:06:24.0000",1,189.09143,0.00234,0
"2016/02/03 00:06:24.2500",1,189.42048,0.00126,0
"2016/02/03 00:06:24.5000",1,200.63571,0.00002,0
"2016/02/03 00:06:24.7500",1,233.24805,0.00016,0
"2016/02/03 00:06:25.0000",1,197.96424,0.00453,0
"2016/02/03 00:06:25.2500",1,212.53857,0.00760,0
"2016/02/03 00:06:25.5000",1,221.52143,0.00277,0
"2016/02/03 00:06:25.7500",1,216.61000,0.00398,0
"2016/02/03 00:06:26.0000",1,214.04714,0.00301,0
"2016/02/03 00:06:26.2500",1,206.49429,0.00151,0
"2016/02/03 00:06:26.5000",1,193.99143,0.00068,0
"2016/02/03 00:06:26.7500",1,197.42381,0.00035,0
"2016/02/03 00:06:27.0000",1,200.57071,0.00000,0
"2016/02/03 00:06:27.2500",1,218.08248,0.00000,0
"2016/02/03 00:06:27.5000",1,131.29462,0.00001,0
"2016/02/03 00:06:27.7500",1,154.31010,0.00000,0
"2016/02/03 00:06:28.0000",1,188.09810,0.00034,0
"2016/02/03 00:06:28.2500",1,189.48952,0.00220,0
"2016/02/03 00:06:28.5000",1,168.35000,0.00097,0
"2016/02/03 00:06:28.7500",1,175.39638,0.00007,0
"2016/02/03 00:06:29.0000",1,181.91590,0.00000,0
"2016/02/03 00:06:29.2500",1,205.90624,0.00000,0
"2016/02/03 00:06:29.5000",1,191.23600,0.00000,0
"2016/02/03 00:06:29.7500",1,186.11714,0.00000,0
"2016/02/03 00:06:30.0000",1,198.65381,0.00158,0
"2016/02/03 00:06:30.2500",1,223.05667,0.00518,0
"2016/02/03 00:06:30.5000",1,213.17714,0.00714,0
"2016/02/03 00:06:30.7500",1,211.08762,0.00341,0
"2016/02/03 00:06:31.0000",1,196.90519,0.00390,0
"2016/02/03 00:06:31.2500",1,222.75424,0.00537,0
"2016/02/03 00:06:31.5000",1,224.40238,0.00220,0
"2016/02/03 00:06:31.7500",1,204.16095,0.00295,0
"2016/02/03 00:06:32.0000",1,251.71381,0.00018,0
"2016/02/03 00:06:32.2500",1,189.07714,0.00096,0
"2016/02/03 00:06:32.5000",1,195.06524,0.00106,0
"2016/02/03 00:06:32.7500",1,222.69095,0.00494,0
"2016/02/03 00:06:33.0000",1,220.83857,0.00545,0
"2016/02/03 00:06:33.2500",1,215.46048,0.00621,0
"2016/02/03 00:06:33.5000",1,225.52952,0.00401,0
"2016/02/03 00:06:33.7500",1,220.80048,0.00859,0
"2016/02/03 00:06:34.0000",1,206.71190,0.00686,0
"2016/02/03 00:06:34.2500",1,201.02952,0.00383,0
"2016/02/03 00:06:34.5000",1,226.31238,0.00279,0
"2016/02/03 00:06:34.7500",1,220.14700,0.00208,0
"2016/02/03 00:06:35.0000",1,207.57429,0.00204,0
"2016/02/03 00:06:35.2500",1,206.62238,0.00283,0
"2016/02/03 00:06:35.5000",1,204.43571,0.00024,0
"2016/02/03 00:06:35.7500",1,178.18795,0.00037,1
"2016/02/03 00:06:36.0000",1,177.32829,0.00016,1
"2016/02/03 00:06:36.2500",1,224.21595,0.00116,1
"2016/02/03 00:06:36.5000",1,194.07476,0.00149,1
"2016/02/03 00:06:36.7500",1,203.45714,0.00017,0
"2016/02/03 00:06:37.0000",1,202.47333,0.00457,1
"2016/02/03 00:06:37.2500",1,222.65333,0.00360,1
"2016/02/03 00:06:37.5000",1,245.06619,0.00168,0
"2016/02/03 00:06:37.7500",1,231.76486,0.00005,0
"2016/02/03 00:06:38.0000",1,198.07867,0.00136,0
"2016/02/03 00:06:38.2500",1,214.03048,0.00360,0
"2016/02/03 00:06:38.5000",1,199.39810,0.00501,0
"2016/02/03 00:06:38.7500",1,192.43271,0.00001,0
"2016/02/03 00:06:39.0000",1,207.94148,0.00042,0
"2016/02/03 00:06:39.2500",1,230.40762,0.00242,1
"2016/02/03 00:06:39.5000",1,202.11952,0.00647,1
"2016/02/03 00:06:39.7500",1,206.96333,0.00505,0
"2016/02/03 00:06:40.0000",1,207.84190,0.00232,0
"2016/02/03 00:06:40.2500",1,198.36762,0.00252,0
"2016/02/03 00:06:40.5000",1,223.28643,0.00085,1
"2016/02/03 00:06:40.7500",1,215.03381,0.00434,0
"2016/02/03 00:06:41.0000",1,188.52829,0.00182,0
"2016/02/03 00:06:41.2500",1,204.28948,0.00271,0
"2016/02/03 00:06:41.5000",1,245.64476,0.00079,0
"2016/02/03 00:06:41.7500",1,241.50905,0.00091,1
"2016/02/03 00:06:42.0000",1,225.75952,0.00349,1
"2016/02/03 00:06:42.2500",1,233.92619,0.00152,1
"2016/02/03 00:06:42.5000",1,244.65762,0.00085,1
"2016/02/03 00:06:42.7500",1,218.54048,0.00136,1
"2016/02/03 00:06:43.0000",1,206.74286,0.00368,0
"2016/02/03 00:06:43.2500",1,222.07962,0.00233,0
"2016/02/03 00:06:43.5000",1,184.48714,0.00000,0
"2016/02/03 00:06:43.7500",1,197.51667,0.00027,0
"2016/02/03 00:06:44.0000",1,191.99714,0.00290,0
"2016/02/03 00:06:44.2500",1,170.61976,0.00171,0
"2016/02/03 00:06:44.5000",1,174.90262,0.00055,0
"2016/02/03 00:06:44.7500",1,200.24857,0.00105,0
"2016/02/03 00:06:45.0000",1,195.46571,0.00178,0
"2016/02/03 00:06:45.2500",1,197.59095,0.00415,0
"2016/02/03 00:06:45.5000",1,223.66143,0.00002,0
"2016/02/03 00:06:45.7500",1,252.26000,0.00770,0
"2016/02/03 00:06:46.0000",1,210.81952,0.01716,0
"2016/02/03 00:06:46.2500",1,209.80000,0.00961,0
"2016/02/03 00:06:46.5000",1,223.06905,0.00546,0
"2016/02/03 00:06:46.7500",1,222.94143,0.00034,0
"2016/02/03 00:06:47.0000",1,206.75476,0.00274,0
"2016/02/03 00:06:47.2500",1,221.78143,0.00559,0
"2016/02/03 00:06:47.5000",1,237.42376,0.00071,0
"2016/02/03 00:06:47.7500",1,200.36329,0.00112,0
"2016/02/03 00:06:48.0000",1,220.71857,0.00174,0
"2016/02/03 00:06:48.2500",1,217.08190,0.00542,0
"2016/02/03 00:06:48.5000",1,223.75048,0.00188,0
"2016/02/03 00:06:48.7500",1,204.26333,0.00312,0
"2016/02/03 00:06:49.0000",1,202.45333,0.00303,0
"2016/02/03 00:06:49.2500",1,198.32619,0.00219,0
"2016/02/03 00:06:49.5000",1,219.21286,0.00148,0
"2016/02/03 00:06:49.7500",1,230.29886,0.00001,0
"2016/02/03 00:06:50.0000",1,232.75857,0.00000,0
"2016/02/03 00:06:50.2500",1,185.74329,0.00000,0
"2016/02/03 00:06:50.5000",1,183.36014,0.00002,0
"2016/02/03 00:06:50.7500",1,194.85976,0.00042,0
"2016/02/03 00:06:51.0000",1,201.09024,0.00201,0
"2016/02/03 00:06:51.2500",1,201.36429,0.00163,0
"2016/02/03 00:06:51.5000",1,192.50571,0.00090,0
"2016/02/03 00:06:51.7500",1,202.86333,0.00019,0
"2016/02/03 00:06:52.0000",1,213.46352,0.00001,0
"2016/02/03 00:06:52.2500",1,178.87062,0.00000,0
"2016/02/03 00:06:52.5000",1,215.28333,0.00000,0
"2016/02/03 00:06:52.7500",1,221.23381,0.00045,0
"2016/02/03 00:06:53.0000",1,206.87667,0.00057,0
"2016/02/03 00:06:53.2500",1,255.69190,0.00210,0
"2016/02/03 00:06:53.5000",1,224.42476,0.00320,0
"2016/02/03 00:06:53.7500",1,215.07905,0.00236,0
"2016/02/03 00:06:54.0000",1,202.56048,0.00113,0
"2016/02/03 00:06:54.2500",1,209.01333,0.00234,0
"2016/02/03 00:06:54.5000",1,213.60762,0.00140,0
"2016/02/03 00:06:54.7500",1,249.16667,0.00210,0
"2016/02/03 00:06:55.0000",1,180.77571,0.00579,1
"2016/02/03 00:06:55.2500",1,186.26667,0.00281,1
"2016/02/03 00:06:55.5000",1,225.79905,0.00185,0
"2016/02/03 00:06:55.7500",1,207.60143,0.00008,0
"2016/02/03 00:06:56.0000",1,196.21381,0.00299,0
"2016/02/03 00:06:56.2500",1,184.08619,0.00129,0
"2016/02/03 00:06:56.5000",1,227.47190,0.00001,0
"2016/02/03 00:06:56.7500",1,230.13876,0.00001,0
"2016/02/03 00:06:57.0000",1,227.66662,0.00000,0
"2016/02/03 00:06:57.2500",1,171.25114,0.00000,0
"2016/02/03 00:06:57.5000",1,137.95043,0.00000,0
"2016/02/03 00:06:57.7500",1,168.91195,0.00000,0
"2016/02/03 00:06:58.0000",1,180.15657,0.00000,0
"2016/02/03 00:06:58.2500",1,177.20857,0.00000,0
"2016/02/03 00:06:58.5000",1,173.41514,0.00000,0
"2016/02/03 00:06:58.7500",1,171.77695,0.00409,0
"2016/02/03 00:06:59.0000",1,215.57095,0.00679,0
"2016/02/03 00:06:59.2500",1,207.77524,0.00095,0
"2016/02/03 00:06:59.5000",1,255.19095,0.00817,0
"2016/02/03 00:06:59.7500",1,218.64429,0.00586,0
"2016/02/03 00:07:0.0000",1,225.47143,0.01004,0
"2016/02/03 00:07:0.2500",1,224.76190,0.00269,0
"2016/02/03 00:07:0.5000",1,214.88810,0.00097,0
"2016/02/03 00:07:0.7500",1,208.69743,0.00034,0
"2016/02/03 00:07:1.0000",1,244.93552,0.00619,0
"2016/02/03 00:07:1.2500",1,236.62857,0.00126,0
"2016/02/03 00:07:1.5000",1,200.59252,0.00314,0
"2016/02/03 00:07:1.7500",1,159.26276,0.00139,0
"2016/02/03 00:07:2.0000",1,226.83857,0.00001,0
"2016/02/03 00:07:2.2500",1,215.21748,0.00000,0
"2016/02/03 00:07:2.5000",1,205.64129,0.00016,0
"2016/02/03 00:07:2.7500",1,221.31048,0.00805,0
"2016/02/03 00:07:3.0000",1,239.97952,0.00959,0
"2016/02/03 00:07:3.2500",1,238.46571,0.00582,0
"2016/02/03 00:07:3.5000",1,235.03714,0.00510,0
"2016/02/03 00:07:3.7500",1,214.99762,0.00113,1
"2016/02/03 00:07:4.0000",1,207.90724,0.00030,0
"2016/02/03 00:07:4.2500",1,239.86510,0.00653,0
"2016/02/03 00:07:4.5000",1,216.26429,0.00554,0
"2016/02/03 00:07:4.7500",1,218.77952,0.00089,0
"2016/02/03 00:07:5.0000",1,198.25857,0.00091,0
"2016/02/03 00:07:5.2500",1,177.93119,0.00078,1
"2016/02/03 00:07:5.5000",1,198.14357,0.00000,1
"2016/02/03 00:07:5.7500",1,218.00671,0.00023,1
"2016/02/03 00:07:6.0000",1,211.41810,0.00180,1
"2016/02/03 00:07:6.2500",1,202.33286,0.00401,1
"2016/02/03 00:07:6.5000",1,222.50333,0.00261,1
"2016/02/03 00:07:6.7500",1,214.80690,0.00289,1
"2016/02/03 00:07:7.0000",1,207.46476,0.00603,1
"2016/02/03 00:07:7.2500",1,195.84000,0.00325,1
"2016/02/03 00:07:7.5000",1,195.86762,0.00145,0
"2016/02/03 00:07:7.7500",1,209.45238,0.00129,0
"2016/02/03 00:07:8.0000",1,183.89324,0.00001,0
"2016/02/03 00:07:8.2500",1,188.88610,0.00030,0
"2016/02/03 00:07:8.5000",1,212.55286,0.00295,0
"2016/02/03 00:07:8.7500",1,207.57524,0.00643,0
"2016/02/03 00:07:9.0000",1,203.28952,0.00398,0
"2016/02/03 00:07:9.2500",1,198.89762,0.00359,0
"2016/02/03 00:07:9.5000",1,200.17190,0.00250,0
"2016/02/03 00:07:9.7500",1,215.21714,0.00156,0
"2016/02/03 00:07:10.0000",1,204.80000,0.00053,0
"2016/02/03 00:07:10.2500",1,191.05381,0.00036,0
"2016/02/03 00:07:10.5000",1,194.39929,0.00131,0
"2016/02/03 00:07:10.7500",1,206.39952,0.00023,0
"2016/02/03 00:07:11.0000",1,201.67190,0.00000,0
"2016/02/03 00:07:11.2500",1,194.04381,0.00645,0
"2016/02/03 00:07:11.5000",1,207.79667,0.00527,0
"2016/02/03 00:07:11.7500",1,220.33429,0.00268,0
"2016/02/03 00:07:12.0000",1,241.52276,0.00066,0
"2016/02/03 00:07:12.2500",1,222.56714,0.00804,1
"2016/02/03 00:07:12.5000",1,212.02905,0.00991,1
"2016/02/03 00:07:12.7500",1,188.68143,0.00317,1
"2016/02/03 00:07:13.0000",1,203.63857,0.00778,1
"2016/02/03 00:07:13.2500",1,217.13524,0.00971,1
"2016/02/03 00:07:13.5000",1,207.44238,0.00575,1
"2016/02/03 00:07:13.7500",1,191.27095,0.00282,1
"2016/02/03 00:07:14.0000",1,136.38119,0.00170,0
"2016/02/03 00:07:14.2500",1,159.04933,0.00001,1
"2016/02/03 00:07:14.5000",1,192.20510,0.00034,0
"2016/02/03 00:07:14.7500",1,201.40381,0.00268,0
"2016/02/03 00:07:15.0000",1,195.83143,0.00304,0
"2016/02/03 00:07:15.2500",1,210.05810,0.00478,0
"2016/02/03 00:07:15.5000",1,208.42857,0.00550,0
"2016/02/03 00:07:15.7500",1,223.05762,0.00078,0
"2016/02/03 00:07:16.0000",1,215.63762,0.00171,0
"2016/02/03 00:07:16.2500",1,221.71076,0.00259,0
"2016/02/03 00:07:16.5000",1,182.89138,0.00136,0
"2016/02/03 00:07:16.7500",1,182.14848,0.00071,0
"2016/02/03 00:07:17.0000",1,191.29314,0.00059,0
"2016/02/03 00:07:17.2500",1,199.62857,0.00250,0
"2016/02/03 00:07:17.5000",1,206.18619,0.00103,0
"2016/02/03 00:07:17.7500",1,186.19676,0.00025,0
"2016/02/03 00:07:18.0000",1,183.21481,0.00001,1
"2016/02/03 00:07:18.2500",1,179.49381,0.00072,1
"2016/02/03 00:07:18.5000",1,200.81286,0.00083,1
"2016/02/03 00:07:18.7500",1,214.11638,0.00007,1
"2016/02/03 00:07:19.0000",1,182.29352,0.00000,0
"2016/02/03 00:07:19.2500",1,175.50043,0.00000,0
"2016/02/03 00:07:19.5000",1,191.63414,0.00000,0
"2016/02/03 00:07:19.7500",1,179.62995,0.00000,0
"2016/02/03 00:07:20.0000",1,208.22238,0.00040,0
"2016/02/03 00:07:20.2500",1,207.67857,0.00181,0
"2016/02/03 00:07:20.5000",1,199.52648,0.00090,0
"2016/02/03 00:07:20.7500",1,217.08762,0.00354,0
"2016/02/03 00:07:21.0000",1,216.31286,0.00386,0
"2016/02/03 00:07:21.2500",1,241.37000,0.00778,0
"2016/02/03 00:07:21.5000",1,243.77810,0.00001,0
"2016/02/03 00:07:21.7500",1,267.67762,0.00000,0
"2016/02/03 00:07:22.0000",1,188.97695,0.00000,0
"2016/02/03 00:07:22.2500",1,205.23905,0.00245,0
"2016/02/03 00:07:22.5000",1,207.06000,0.00382,0
"2016/02/03 00:07:22.7500",1,191.68157,0.00169,0
"2016/02/03 00:07:23.0000",1,196.84967,0.00122,0
"2016/02/03 00:07:23.2500",1,201.87286,0.00185,0
"2016/02/03 00:07:23.5000",1,197.25905,0.00342,0
"2016/02/03 00:07:23.7500",1,228.57762,0.00808,0
"2016/02/03 00:07:24.0000",1,219.62190,0.00640,0
"2016/02/03 00:07:24.2500",1,223.82238,0.00560,0
"2016/02/03 00:07:24.5000",1,242.74143,0.00007,0
"2016/02/03 00:07:24.7500",1,204.07567,0.00082,0
"2016/02/03 00:07:25.0000",1,200.66476,0.00189,0
"2016/02/03 00:07:25.2500",1,195.48143,0.00185,0
"2016/02/03 00:07:25.5000",1,195.81429,0.00220,0
"2016/02/03 00:07:25.7500",1,202.27238,0.00297,0
"2016/02/03 00:07:26.0000",1,191.50571,0.00335,0
"2016/02/03 00:07:26.2500",1,199.33000,0.00439,0
"2016/02/03 00:07:26.5000",1,213.62629,0.00049,0
"2016/02/03 00:07:26.7500",1,209.31810,0.00216,0
"2016/02/03 00:07:27.0000",1,199.41476,0.00478,0
"2016/02/03 00:07:27.2500",1,184.14290,0.00015,0
"2016/02/03 00:07:27.5000",1,222.55957,0.00173,1
"2016/02/03 00:07:27.7500",1,233.01286,0.00463,0
"2016/02/03 00:07:28.0000",1,211.52929,0.01030,0
"2016/02/03 00:07:28.2500",1,231.78524,0.00471,0
"2016/02/03 00:07:28.5000",1,214.04048,0.00263,0
"2016/02/03 00:07:28.7500",1,201.60810,0.00256,1
"2016/02/03 00:07:29.0000",1,223.24143,0.00148,1
"2016/02/03 00:07:29.2500",1,225.59952,0.00054,0
"2016/02/03 00:07:29.5000",1,200.86857,0.00245,0
"2016/02/03 00:07:29.7500",1,250.57762,0.00200,0
"2016/02/03 00:07:30.0000",1,199.57214,0.00001,0
"2016/02/03 00:07:30.2500",1,171.29267,0.00001,0
"2016/02/03 00:07:30.5000",1,208.35962,0.00000,0
"2016/02/03 00:07:30.7500",1,176.51624,0.00000,0
"2016/02/03 00:07:31.0000",1,189.05895,0.00008,0
"2016/02/03 00:07:31.2500",1,227.21667,0.00203,0
"2016/02/03 00:07:31.5000",1,189.47286,0.00119,0
"2016/02/03 00:07:31.7500",1,206.91905,0.00447,0
"2016/02/03 00:07:32.0000",1,227.25714,0.00786,0
"2016/02/03 00:07:32.2500",1,223.91143,0.00719,0
"2016/02/03 00:07:32.5000",1,206.85952,0.01256,0
"2016/02/03 00:07:32.7500",1,209.53857,0.00546,0
"2016/02/03 00:07:33.0000",1,212.70095,0.00285,0
"2016/02/03 00:07:33.2500",1,210.22952,0.00383,0
"2016/02/03 00:07:33.5000",1,206.51952,0.00139,0
"2016/02/03 00:07:33.7500",1,200.85238,0.00398,0
"2016/02/03 00:07:34.0000",1,169.02205,0.00246,1
"2016/02/03 00:07:34.2500",1,165.60071,0.00016,1
"2016/02/03 00:07:34.5000",1,136.86757,0.00000,1
"2016/02/03 00:07:34.7500",1,191.92186,0.00004,1
"2016/02/03 00:07:35.0000",1,197.37857,0.00206,1
"2016/02/03 00:07:35.2500",1,191.81857,0.00253,0
"2016/02/03 00:07:35.5000",1,203.59619,0.00196,0
"2016/02/03 00:07:35.7500",1,202.37738,0.00026,0
"2016/02/03 00:07:36.0000",1,187.35433,0.00000,0
"2016/02/03 00:07:36.2500",1,176.47529,0.00008,0
"2016/02/03 00:07:36.5000",1,219.77148,0.00295,0
"2016/02/03 00:07:36.7500",1,191.83171,0.00648,0
"2016/02/03 00:07:37.0000",1,176.37138,0.00284,0
"2016/02/03 00:07:37.2500",1,232.73286,0.00462,0
"2016/02/03 00:07:37.5000",1,215.43990,0.00001,0
"2016/02/03 00:07:37.7500",1,227.06448,0.00000,0
"2016/02/03 00:07:38.0000",1,197.91671,0.00136,0
"2016/02/03 00:07:38.2500",1,192.47286,0.00126,0
"2016/02/03 00:07:38.5000",1,193.02805,0.00218,1
"2016/02/03 00:07:38.7500",1,208.93443,0.00092,1
"2016/02/03 00:07:39.0000",1,224.96352,0.00079,1
"2016/02/03 00:07:39.2500",1,194.49995,0.00162,1
"2016/02/03 00:07:39.5000",1,192.33890,0.00208,0
"2016/02/03 00:07:39.7500",1,194.78990,0.00127,0
"2016/02/03 00:07:40.0000",1,188.93857,0.00166,0
"2016/02/03 00:07:40.2500",1,194.34190,0.00109,0
"2016/02/03 00:07:40.5000",1,205.47952,0.00246,0
"2016/02/03 00:07:40.7500",1,243.96048,0.00034,1
"2016/02/03 00:07:41.0000",1,221.33819,0.00074,1
"2016/02/03 00:07:41.2500",1,189.31286,0.00050,1
"2016/02/03 00:07:41.5000",1,191.53857,0.00024,1
"2016/02/03 00:07:41.7500",1,208.54429,0.00259,1
"2016/02/03 00:07:42.0000",1,199.84048,0.00219,1
"2016/02/03 00:07:42.2500",1,199.58581,0.00041,0
"2016/02/03 00:07:42.5000",1,191.14571,0.00000,0
"2016/02/03 00:07:42.7500",1,146.29367,0.00000,0
"2016/02/03 00:07:43.0000",1,193.08267,0.00000,0
"2016/02/03 00:07:43.2500",1,205.25562,0.00003,0
"2016/02/03 00:07:43.5000",1,228.68714,0.00064,0
"2016/02/03 00:07:43.7500",1,218.02381,0.00039,0
"2016/02/03 00:07:44.0000",1,215.52000,0.00186,0
"2016/02/03 00:07:44.2500",1,209.92048,0.00186,0
"2016/02/03 00:07:44.5000",1,205.54762,0.00563,0
"2016/02/03 00:07:44.7500",1,192.06538,0.00839,0
"2016/02/03 00:07:45.0000",1,208.98810,0.00943,0
"2016/02/03 00:07:45.2500",1,208.17190,0.00309,0
"2016/02/03 00:07:45.5000",1,183.58924,0.00608,0
"2016/02/03 00:07:45.7500",1,194.01257,0.00265,0
"2016/02/03 00:07:46.0000",1,225.60476,0.00564,0
"2016/02/03 00:07:46.2500",1,203.26857,0.00004,0
"2016/02/03 00:07:46.5000",1,196.74524,0.00111,0
"2016/02/03 00:07:46.7500",1,194.24762,0.00221,0
"2016/02/03 00:07:47.0000",1,192.56619,0.00185,0
"2016/02/03 00:07:47.2500",1,193.24619,0.00068,0
"2016/02/03 00:07:47.5000",0,0.00000,0.00000,0
"2016/02/03 00:07:47.7500",0,0.00000,0.00000,0
"2016/02/03 00:07:48.0000",0,0.00000,0.00000,0
"2016/02/03 00:07:48.2500",0,0.00000,0.00000,0
"2016/02/03 00:07:48.5000",0,0.00000,0.00000,0
"2016/02/03 00:07:48.7500",1,224.61381,0.00423,0
"2016/02/03 00:07:49.0000",1,216.72905,0.00917,0
"2016/02/03 00:07:49.2500",1,219.94048,0.01711,0
"2016/02/03 00:07:49.5000",1,222.63571,0.00928,0
"2016/02/03 00:07:49.7500",1,213.06619,0.00855,0
"2016/02/03 00:07:50.0000",1,218.52667,0.00476,0
"2016/02/03 00:07:50.2500",1,213.30476,0.00518,0
"2016/02/03 00:07:50.5000",1,232.65095,0.00333,0
"2016/02/03 00:07:50.7500",1,228.26524,0.00276,0
"2016/02/03 00:07:51.0000",1,203.53333,0.00347,0
"2016/02/03 00:07:51.2500",1,217.41857,0.01015,1
"2016/02/03 00:07:51.5000",1,225.22857,0.01211,1
"2016/02/03 00:07:51.7500",1,213.88952,0.01370,0
"2016/02/03 00:07:52.0000",1,208.29143,0.00349,0
"2016/02/03 00:07:52.2500",1,210.09238,0.00394,0
"2016/02/03 00:07:52.5000",1,253.20571,0.00011,0
"2016/02/03 00:07:52.7500",1,261.01405,0.00001,0
"2016/02/03 00:07:53.0000",1,236.95571,0.00040,0
"2016/02/03 00:07:53.2500",1,216.01286,0.01473,0
"2016/02/03 00:07:53.5000",1,208.94190,0.01383,0
"2016/02/03 00:07:53.7500",1,188.26905,0.01043,0
"2016/02/03 00:07:54.0000",1,193.60238,0.00819,0
"2016/02/03 00:07:54.2500",1,212.56619,0.01290,0
"2016/02/03 00:07:54.5000",1,227.60810,0.02023,0
"2016/02/03 00:07:54.7500",1,248.90762,0.01334,0
"2016/02/03 00:07:55.0000",1,227.95381,0.00534,0
"2016/02/03 00:07:55.2500",1,205.72952,0.00773,0
"2016/02/03 00:07:55.5000",1,202.78286,0.00402,0
"2016/02/03 00:07:55.7500",1,206.77762,0.00865,0
"2016/02/03 00:07:56.0000",1,217.99333,0.00721,0
"2016/02/03 00:07:56.2500",1,188.39233,0.00168,0
"2016/02/03 00:07:56.5000",1,199.14900,0.00094,0
"2016/02/03 00:07:56.7500",1,203.68381,0.00141,0
"2016/02/03 00:07:57.0000",1,202.02381,0.00248,0
"2016/02/03 00:07:57.2500",1,216.07667,0.00297,0
"2016/02/03 00:07:57.5000",1,211.35571,0.01336,0
"2016/02/03 00:07:57.7500",1,209.28048,0.01269,0
"2016/02/03 00:07:58.0000",1,220.81619,0.00447,0
"2016/02/03 00:07:58.2500",1,202.93381,0.00702,0
"2016/02/03 00:07:58.5000",1,204.20238,0.00675,0
"2016/02/03 00:07:58.7500",1,222.46810,0.00374,0
"2016/02/03 00:07:59.0000",1,217.96048,0.00501,0
"2016/02/03 00:07:59.2500",1,215.82381,0.00170,0
"2016/02/03 00:07:59.5000",1,201.53238,0.00350,0
"2016/02/03 00:07:59.7500",1,177.20252,0.00225,1
"2016/02/03 00:08:0.0000",1,211.51333,0.00330,1
"2016/02/03 00:08:0.2500",1,215.65095,0.00047,1
"2016/02/03 00:08:0.5000",1,169.25552,0.00065,1
"2016/02/03 00:08:0.7500",1,165.60852,0.00069,0
"2016/02/03 00:08:1.0000",0,0.00000,0.00000,0
"2016/02/03 00:08:1.2500",0,0.00000,0.00000,1
"2016/02/03 00:08:1.5000",0,0.00000,0.00000,1
"2016/02/03 00:08:1.7500",0,0.00000,0.00000,1
"2016/02/03 00:08:2.0000",0,0.00000,0.00000,1
"2016/02/03 00:08:2.2500",0,0.00000,0.00000,1
"2016/02/03 00:08:2.5000",0,0.00000,0.00000,1
"2016/02/03 00:08:2.7500",0,0.00000,0.00000,0
"2016/02/03 00:08:3.0000",0,0.00000,0.00000,0
"2016/02/03 00:08:3.2500",0,0.00000,0.00000,0
"2016/02/03 00:08:3.5000",0,0.00000,0.00000,0
"2016/02/03 00:08:3.7500",0,0.00000,0.00000,0
"2016/02/03 00:08:4.0000",0,0.00000,0.00000,1
"2016/02/03 00:08:4.2500",0,0.00000,0.00000,1
"2016/02/03 00:08:4.5000",0,0.00000,0.00000,1
"2016/02/03 00:08:4.7500",0,0.00000,0.00000,0
"2016/02/03 00:08:5.0000",0,0.00000,0.00000,0
"2016/02/03 00:08:5.2500",0,0.00000,0.00000,0
"2016/02/03 00:08:5.5000",0,0.00000,0.00000,0
"2016/02/03 00:08:5.7500",0,0.00000,0.00000,1
"2016/02/03 00:08:6.0000",0,0.00000,0.00000,1
"2016/02/03 00:08:6.2500",0,0.00000,0.00000,1
"2016/02/03 00:08:6.5000",0,0.00000,0.00000,0
"2016/02/03 00:08:6.7500",0,0.00000,0.00000,0
"2016/02/03 00:08:7.0000",0,0.00000,0.00000,0
"2016/02/03 00:08:7.2500",0,0.00000,0.00000,0
"2016/02/03 00:08:7.5000",0,0.00000,0.00000,0
"2016/02/03 00:08:7.7500",0,0.00000,0.00000,0
"2016/02/03 00:08:8.0000",0,0.00000,0.00000,0
